Timestamp,language_select,city,vienna_district,vienna_street,graz_district,graz_street,country,city_other,zip_other,other_street,freq_work,freq_services,freq_leisure,freq_oth,duration_work_walk,duration_work_pt,duration_work_ice,duration_work_ev,duration_work_taxi,duration_work_carsh,duration_work_motor,duration_work_bike,duration_work_ebike,duration_work_bikesh,duration_work_scooter,duration_work_scootersh,duration_services_walk,duration_services_pt,duration_services_ice,duration_services_ev,duration_services_taxi,duration_services_carsh,duration_services_motor,duration_services_bike,duration_services_ebike,duration_services_bikesh,duration_services_scooter,duration_services_scootersh,duration_leisure_walk,duration_leisure_pt,duration_leisure_ice,duration_leisure_ev,duration_leisure_taxi,duration_leisure_carsh,duration_leisure_motor,duration_leisure_bike,duration_leisure_ebike,duration_leisure_bikesh,duration_leisure_scooter,duration_leisure_scootersh,freq_activemob,prevent_distance,prevent_safety,prevent_time,prevent_weather,prevent_physical,prevent_inconvenience,prevent_knowledge,prevent_amenities,prevent_pollution,prevent_other,improve_calming,improve_safety,improve_protectedbl,improve_pedestrianz,improve_sidewalk,improve_connection,improve_parking,improve_sercvices,improve_green,improve_amenities,improve_shared,improve_water,improve_air,improve_info,improve_other,switch_improve,priority_green,priority_safety,priority_scenic,priority_distance,priority_time,priority_amenities,outcome_health,outcome_environment,outcome_cost,outcome_comforttime,outcome_wellbeing,outcome_social,outcome_congestion,outcome_other,state_district,state_city,switch_improve_freq,kn_env_climate,kn_env_action,kn_subj_car,kn_actm_air,kn_actm_health,aw_env_climate,aw_env_future,aw_subj_ecotrans,aw_subj_transmode,kn_subj_exercise,kn_health_air,kn_health_warnings,pn_eco_climate,pn_eco_nature,pn_eco_protect,pn_health_activity,pn_health_lifestlye,pn_health_wellbeing,pn_general_social,pn_general_urbanenv,sn_peers,sn_community,sn_friends,sn_colleagues,sn_neighbors,sn_city,pn_time_traffic,pbc_shared,pbc_info,pbc_safety,pbc_affordable,pbc_prioritization,pbc_community,pbc_green,pbc_air,gender,age,education,household,employment,income
04-06-25 10:49,1,1,3,,,,,,,,0,3.5,3.5,,15,15,15,15,15,15,15,15,15,15,15,15,0,0,0,0,0,0,0,0,0,0,0,0,5,5,0,5,5,5,5,5,5,5,5,5,5.5,,,,,,,,,,,5,4,5,5,4,4,3,5,3,3,3,2,4,3,,,4,5,2,2,3,4,5,5,4,3,5,3,5,,2,3,5,5,5,5,5,4,5,5,5,4,5,5,4,5,5,5,5,5,5,5,5,5,5,5,5,5,5,5,3,3,4,4,5,4,3,5,0,30,5,2,1,99
04-06-25 11:45,1,3,,,,,,,,,5.5,5.5,1.5,,5,0,33,0,0,0,0,0,0,0,0,0,15,15,0,0,0,0,0,0,0,0,0,0,15,52,70,0,0,0,0,0,0,0,0,0,1.5,2,2,5,4,1,2,1,1,1,,3,4,4,4,3,3,2,3,4,3,4,4,3,4,,5,,,,,,,,,,,,,,,,,,5,5,5,5,5,5,5,5,5,5,4,5,4,4,4,5,5,5,4,4,4,3,3,3,3,3,2,5,4,4,3,4,3,4,3,1,50,5,3,1,3500
04-06-25 11:46,1,1,4,,,,,,,,5.5,3.5,1.5,,33,52,0,0,0,0,0,0,0,0,0,0,5,15,0,0,0,0,0,0,0,0,0,0,5,33,0,0,0,0,0,0,0,0,0,0,1.5,5,5,5,5,4,3,3,3,2,,5,5,5,5,5,3,3,3,2,3,3,3,3,3,,4,,,,,,,,,,,,,,,,,,5,5,5,5,5,1,5,4,2,5,5,5,4,3,5,5,5,5,5,5,3,3,2,2,2,2,5,4,5,5,5,5,3,5,5,1,30,5,1,1,2400
04-06-25 11:47,1,1,10,,,,,,,,5.5,1.5,3.5,,15,33,0,0,0,0,0,0,0,0,0,0,5,5,0,0,0,0,0,0,0,0,0,0,5,33,0,0,0,0,0,0,0,0,0,0,5.5,,,,,,,,,,,3,3,3,4,4,3,3,4,4,3,4,4,4,4,,,2,2,4,5,5,4,3,3,3,4,3,4,4,,5,5,3,5,5,5,5,5,4,5,5,4,4,3,4,3,3,3,4,4,3,3,3,1,1,1,3,3,3,3,3,3,3,3,3,3,3,3,1,30,4,1,1,2400
04-06-25 11:51,1,1,20,,,,,,,,5.5,1.5,3.5,,0,0,33,0,0,0,0,70,0,0,0,0,5,0,0,0,0,0,0,15,0,0,0,0,5,0,0,0,0,0,0,15,0,0,0,0,5.5,,,,,,,,,,,3,3,3,3,3,4,3,3,3,3,4,3,3,4,,,3,4,3,5,5,1,5,5,4,5,5,3,5,,4,5,,5,5,5,5,5,5,5,5,5,5,2,3,5,5,5,5,5,5,2,5,5,5,5,3,3,3,5,3,3,3,3,3,3,3,3,0,60,5,1,1,10000
04-06-25 11:53,1,1,12,,,,,,,,5.5,1.5,1.5,,5,52,0,0,0,0,0,0,0,0,0,0,15,5,0,0,0,0,0,0,0,0,0,0,15,33,0,0,0,0,0,0,0,0,0,0,5.5,,,,,,,,,,,4,5,3,5,5,3,3,4,4,4,2,3,4,4,,,3,4,2,5,4,3,4,4,5,3,4,3,3,,5,5,5,5,4,4,4,3,2,3,3,4,5,5,4,4,4,4,4,4,5,3,4,3,3,2,2,3,3,3,2,3,5,4,3,2,4,4,1,40,5,2,1,3500
04-06-25 11:55,1,1,23,,,,,,,,3.5,3.5,3.5,,0,33,0,0,0,0,0,33,0,33,0,0,15,5,5,0,0,0,0,5,0,0,0,0,33,33,15,0,0,0,0,33,0,0,0,0,8.5,,,,,,,,,,,4,5,5,4,4,4,5,4,4,4,5,4,5,5,,,4,4,3,5,5,4,4,5,3,5,5,3,5,,3,3,3,5,5,5,5,5,5,5,5,4,4,4,4,4,4,4,4,4,5,3,5,4,3,3,3,3,2,5,4,4,4,4,4,3,5,5,0,30,5,3,1,5500
04-06-25 11:55,1,1,8,,,,,,,,5.5,5.5,3.5,,33,33,0,0,0,0,0,0,0,0,0,0,5,5,0,0,0,0,0,0,0,0,0,0,15,15,0,0,0,0,0,0,0,0,0,0,8.5,,,,,,,,,,,4,5,5,5,5,5,5,5,4,4,3,4,4,3,,,5,5,3,4,4,3,4,5,3,4,4,4,5,,3,4,5,5,5,5,4,4,4,5,5,4,5,5,5,4,4,5,5,5,5,3,4,5,4,4,3,3,2,4,3,3,4,5,5,4,5,5,0,40,5,3,1,99
04-06-25 12:01,1,1,10,,,,,,,,3.5,8.5,5.5,,5,33,0,0,0,0,0,15,0,0,0,0,5,15,0,0,0,0,0,5,0,0,0,0,15,15,0,0,0,0,0,15,0,0,0,0,5.5,,,,,,,,,,,4,5,5,5,3,4,3,3,4,4,3,3,4,4,,,3,5,4,3,3,1,4,4,3,4,4,3,5,,2,3,5,5,5,5,5,5,4,5,5,4,4,4,2,4,4,4,4,4,4,3,4,4,4,4,3,2,2,4,1,4,5,1,5,3,4,3,1,40,5,2,1,3500
04-06-25 12:05,1,3,,,,,,,,,1.5,1.5,5.5,,15,33,0,0,0,0,0,0,0,0,0,0,15,0,0,0,0,0,0,0,0,0,0,0,52,0,0,0,0,0,0,0,0,0,0,0,5.5,,,,,,,,,,,5,3,3,4,4,4,2,4,3,3,2,2,2,2,,,4,5,4,4,4,3,4,4,4,4,4,2,3,,4,4,4,5,4,5,4,4,5,4,5,5,5,1,4,4,3,4,5,5,4,2,5,2,2,4,3,2,2,3,3,3,4,2,4,3,4,2,1,50,5,2,1,5500
04-06-25 12:08,1,3,,,,,,,,,3.5,5.5,8.5,,5,33,0,0,0,0,0,33,0,0,0,0,5,15,0,0,0,0,0,15,0,0,0,0,15,15,52,0,0,0,0,15,0,0,0,0,8.5,,,,,,,,,,,4,4,5,5,5,5,5,3,3,4,4,3,3,4,,,3,2,1,4,4,3,4,5,3,4,4,4,5,,2,3,4,5,5,5,5,5,3,5,4,3,4,3,3,3,4,4,4,4,4,4,4,4,5,5,5,3,2,5,3,3,3,3,5,3,3,3,99,60,4,3,1,7000
04-06-25 12:11,2,1,2,,,,,,,,3.5,1.5,3.5,,0,70,0,0,0,0,0,70,0,0,0,0,15,15,0,0,0,0,0,33,0,0,0,0,5,15,0,0,0,0,0,33,0,15,0,0,8.5,,,,,,,,,,,5,3,4,2,4,5,5,2,3,3,1,2,3,2,,,3,2,2,4,5,1,3,5,4,3,4,3,5,,2,2,,5,5,5,5,5,5,5,4,4,4,4,5,5,5,5,5,5,5,3,5,2,2,2,1,1,1,2,3,3,3,2,3,3,4,3,1,40,5,,1,7000
04-06-25 12:12,1,1,10,,,,,,,,8.5,3.5,1.5,,5,15,33,0,0,0,0,5,0,0,0,0,5,15,15,0,5,0,0,5,0,0,0,0,5,33,15,0,0,0,0,5,0,0,0,0,1.5,4,3,4,5,3,5,2,2,2,,3,3,4,4,3,3,3,4,4,3,3,3,3,3,,4,,,,,,,,,,,,,,,,,,5,5,4,5,5,4,5,4,3,4,2,2,4,3,4,4,4,3,2,4,3,3,2,3,2,2,2,2,2,4,3,3,2,2,2,1,50,5,3,1,5500
04-06-25 12:37,1,3,,,,,,,,,3.5,1.5,0,,5,5,5,5,5,5,5,15,5,5,5,5,5,5,5,5,5,5,5,5,5,5,5,5,5,5,5,5,5,5,5,15,5,5,5,5,3.5,5,1,4,2,1,2,1,1,1,,1,1,1,1,1,1,1,1,1,1,1,1,1,1,,1,,,,,,,,,,,,,,,,,,4,4,4,4,3,4,5,4,4,4,4,4,4,4,4,5,5,4,4,4,4,4,4,3,3,3,4,3,3,3,4,3,3,3,3,1,40,5,3,1,4500
04-06-25 12:47,1,3,,,,,,,,,5.5,5.5,5.5,,0,0,52,0,0,0,0,0,0,0,0,0,15,0,0,0,0,0,0,0,0,0,0,0,52,0,0,0,0,0,0,0,0,0,0,0,5.5,,,,,,,,,,,2,3,3,3,5,1,1,5,5,5,3,3,3,3,,,3,3,3,1,1,1,5,5,3,3,5,3,3,,3,3,3,5,5,5,5,3,5,5,4,5,5,3,5,5,3,5,5,5,5,3,5,3,3,3,3,3,3,3,3,3,3,3,3,3,3,3,1,50,5,3,1,7000
04-06-25 12:57,1,3,,,,,,,,,0,8.5,1.5,,0,0,0,0,0,0,0,0,0,0,0,0,70,0,0,0,0,0,0,52,0,0,0,0,70,0,0,0,0,0,0,70,52,0,0,0,8.5,,,,,,,,,,,4,3,4,3,3,3,3,5,5,4,3,3,3,3,,,5,3,5,3,3,2,5,5,2,4,5,2,4,,4,4,3,5,5,5,5,4,5,5,5,2,5,2,5,5,4,5,5,5,5,5,2,2,4,5,3,3,3,5,2,2,2,1,2,1,2,2,1,75,5,2,5,5500
04-06-25 12:59,2,1,19,,,,,,,,3.5,3.5,3.5,,15,33,0,0,0,0,0,33,0,0,0,0,15,15,0,0,0,0,0,15,0,0,0,0,15,33,0,0,0,0,0,33,0,0,0,0,3.5,5,3,2,2,4,2,1,2,3,,5,4,5,5,4,5,5,3,5,5,2,3,3,3,,5,,,,,,,,,,,,,,,,,,5,5,5,5,4,2,5,5,2,5,3,4,4,3,4,5,5,5,2,5,1,4,3,3,1,1,5,1,3,4,5,5,1,4,3,1,30,5,,1,5500
04-06-25 13:06,1,1,10,,,,,,,,5.5,3.5,1.5,,33,33,0,0,0,0,0,0,0,0,0,0,5,5,0,0,0,0,0,0,0,0,0,0,5,5,0,0,0,0,0,0,0,0,0,0,1.5,4,4,2,4,4,4,2,2,3,,3,4,3,3,4,3,2,4,4,3,3,3,4,4,,4,,,,,,,,,,,,,,,,,,4,4,4,4,4,4,4,4,4,4,3,4,4,4,4,4,4,3,3,4,4,3,3,3,3,3,3,3,4,3,3,3,3,3,3,0,21,4,2,6,600
04-06-25 13:12,1,1,2,,,,,,,,5.5,1.5,1.5,,5,15,0,0,0,0,0,52,0,0,0,0,5,0,0,0,0,0,0,0,0,0,0,0,5,15,0,0,0,0,0,15,0,0,0,0,8.5,,,,,,,,,,,4,4,5,5,5,5,5,4,4,5,3,3,5,3,,,5,4,5,2,2,3,5,5,1,3,5,3,5,,4,4,,5,5,5,5,5,5,5,5,3,5,5,3,3,4,3,4,4,5,3,5,4,4,5,4,3,2,4,3,3,3,3,3,3,3,3,1,50,5,3,1,10000
04-06-25 13:22,1,1,23,,,,,,,,5.5,3.5,3.5,,33,33,15,0,15,15,0,33,0,0,0,0,5,33,33,0,0,0,0,0,0,0,0,0,0,52,52,0,0,0,0,0,0,0,0,0,3.5,5,5,5,5,4,4,1,2,4,,2,4,4,4,4,4,5,3,4,2,2,4,4,4,,3,,,,,,,,,,,,,,,,,,2,2,2,2,3,3,4,2,2,4,4,4,2,2,2,3,3,3,3,3,3,3,3,3,3,3,3,2,2,4,3,3,3,3,3,0,50,5,2,1,7000
04-06-25 13:29,1,3,,,,,,,,,8.5,8.5,8.5,,5,0,0,0,0,0,0,33,0,0,0,0,15,0,0,0,0,0,0,33,0,0,0,0,52,0,0,0,0,0,0,0,70,0,0,0,8.5,,,,,,,,,,,5,5,5,5,3,5,5,5,5,5,2,3,3,3,,,3,5,2,3,4,1,5,5,3,3,5,4,4,,4,4,5,5,5,5,5,5,5,5,5,5,5,5,5,5,5,5,5,5,5,3,5,3,3,3,3,3,3,5,2,3,5,4,5,5,5,3,1,30,5,2,1,7000
04-06-25 13:33,1,1,4,,,,,,,,3.5,1.5,3.5,,15,52,0,0,0,0,0,70,0,0,0,0,15,15,0,0,0,0,0,5,0,0,0,0,15,33,0,0,0,0,0,15,0,0,0,0,8.5,,,,,,,,,,,5,5,5,5,3,3,5,3,4,3,3,3,5,3,,,4,5,4,4,4,2,5,5,4,5,5,4,4,,5,4,5,5,5,5,5,5,5,5,5,5,5,5,4,5,5,5,5,5,5,3,5,4,5,5,4,3,3,4,3,3,5,3,5,2,3,5,0,30,5,2,1,3500
04-06-25 13:50,1,3,,,,,,,,,5.5,1.5,1.5,,33,5,0,0,0,0,0,15,0,0,0,0,52,15,0,0,0,0,0,33,0,0,0,0,52,0,0,0,0,0,0,52,0,0,0,0,8.5,,,,,,,,,,,3,4,5,4,5,5,4,4,5,5,3,4,4,4,,,5,5,5,3,3,4,5,5,4,4,5,3,3,,4,4,3,5,4,4,4,5,4,4,5,4,5,3,4,4,4,4,5,5,5,4,4,4,5,4,4,4,4,4,3,3,4,5,4,3,5,3,0,30,5,1,1,2400
04-06-25 13:54,1,1,7,,,,,,,,3.5,5.5,3.5,,33,52,0,0,0,0,0,0,0,0,0,0,5,15,0,0,0,0,0,0,0,0,0,0,15,33,0,0,33,0,0,0,0,0,0,0,0,5,3,1,5,4,5,3,1,1,,3,3,4,4,5,5,3,1,3,4,1,2,2,2,,2,,,,,,,,,,,,,,,,,,5,5,5,5,5,4,5,5,5,5,3,4,4,3,4,5,5,5,1,3,1,1,1,4,3,2,5,2,4,4,5,5,5,5,2,0,30,4,2,1,2400
04-06-25 13:55,1,1,4,,,,,,,,8.5,1.5,1.5,,52,70,5,0,0,0,0,0,0,0,15,0,15,70,15,0,0,0,0,0,0,15,0,0,33,33,0,15,0,0,0,0,0,15,0,0,5.5,,,,,,,,,,,5,5,5,5,5,5,5,5,5,5,5,5,5,5,,,5,5,5,1,5,5,5,5,5,5,5,5,5,,3,3,4,5,5,5,5,5,5,5,5,5,5,5,5,5,5,5,5,5,5,5,5,5,5,5,5,5,5,5,5,5,5,5,5,5,5,5,1,30,5,2,1,2400
04-06-25 13:58,1,3,,,,,,,,,3.5,3.5,5.5,,0,5,0,0,0,0,0,0,0,52,0,0,5,33,0,0,0,0,0,0,0,33,0,0,15,33,0,0,0,0,0,0,0,33,0,0,5.5,,,,,,,,,,,4,5,5,4,2,4,1,5,5,5,5,3,4,4,,,1,4,2,3,5,4,5,4,4,5,5,1,4,,3,4,4,5,4,3,5,5,3,5,4,3,5,4,4,4,2,4,5,5,5,3,5,4,3,3,4,1,3,2,5,4,3,5,1,1,2,3,1,40,5,2,1,7000
04-06-25 14:05,1,1,9,,,,,,,,3.5,5.5,8.5,,15,33,0,0,0,0,0,0,0,0,0,0,15,15,0,0,0,0,0,0,0,0,0,0,15,15,0,0,0,0,0,15,0,0,0,0,8.5,,,,,,,,,,,2,2,4,2,2,4,4,5,4,4,3,1,1,1,,,4,4,3,4,5,1,5,5,5,3,5,1,4,,5,5,2,5,5,4,4,4,4,5,4,1,4,1,5,4,2,5,5,5,5,2,5,4,4,3,3,3,3,4,2,1,2,3,4,3,3,1,1,40,5,2,1,99
04-06-25 14:21,1,1,10,,,,,,,,3.5,3.5,3.5,,15,33,33,0,5,0,0,52,0,0,0,5,5,15,5,0,0,0,0,15,0,0,0,0,15,15,0,0,0,0,0,15,0,0,0,5,5.5,,,,,,,,,,,2,2,3,3,3,3,1,1,4,3,2,2,3,4,,,3,3,4,4,4,2,4,3,3,2,4,3,3,,5,4,2,5,5,5,3,5,3,4,5,2,5,4,3,3,3,3,5,5,5,1,1,1,1,2,2,2,2,4,3,3,3,3,3,3,3,3,1,50,5,1,1,3500
04-06-25 15:06,1,1,2,,,,,,,,5.5,3.5,5.5,,0,52,0,0,0,0,0,70,0,0,0,0,5,5,0,0,0,0,0,5,0,0,0,0,15,15,0,0,0,0,0,15,0,0,0,0,5.5,,,,,,,,,,,4,3,4,4,5,4,3,3,4,3,3,3,5,3,,,3,3,3,5,5,1,5,5,5,5,5,5,5,,4,4,5,5,5,4,5,5,3,4,2,3,5,5,4,3,4,4,5,5,3,3,4,2,2,2,2,2,2,3,2,2,4,1,4,3,4,5,1,40,5,3,1,4500
04-06-25 15:07,1,1,10,,,,,,,,5.5,1.5,5.5,,5,33,0,0,0,0,0,0,0,0,0,0,5,5,0,0,0,0,0,0,0,0,0,0,5,15,0,0,0,0,0,0,0,0,0,0,5.5,,,,,,,,,,,4,5,5,5,5,3,3,2,2,4,3,5,3,4,,,3,5,3,4,4,3,4,3,2,4,4,2,4,,3,4,2,5,5,3,5,5,3,5,3,3,5,5,2,3,3,3,4,4,4,2,4,3,3,3,3,3,3,4,1,4,5,5,5,1,3,3,1,30,4,2,1,99
04-06-25 15:08,1,1,4,,,,,,,,5.5,5.5,3.5,,5,33,0,0,0,0,0,0,0,0,0,0,15,33,0,0,0,0,0,0,0,0,0,0,33,33,0,0,0,0,0,0,0,0,0,0,5.5,,,,,,,,,,,3,3,4,5,4,1,3,5,4,4,1,2,5,5,,,3,3,3,1,4,3,4,4,3,3,4,2,4,,3,3,4,5,5,5,5,5,5,5,4,4,5,5,3,4,4,4,4,4,4,3,5,2,2,2,3,2,2,2,2,4,4,3,3,4,4,3,1,30,4,5,6,2400
04-06-25 15:30,1,1,12,,,,,,,,5.5,3.5,1.5,,70,52,33,0,0,0,0,52,0,0,0,0,5,5,0,0,0,0,0,5,0,0,0,0,33,15,0,0,0,0,0,15,0,0,0,0,8.5,,,,,,,,,,,2,3,5,5,5,4,3,3,5,4,3,2,3,4,,,5,5,3,4,4,5,5,5,2,5,5,2,3,,3,4,3,5,5,4,4,3,4,5,5,4,5,2,4,5,5,5,5,5,5,2,5,4,5,4,4,3,3,1,2,2,3,2,4,2,5,2,0,50,5,2,1,2400
04-06-25 15:38,1,1,10,,,,,,,,3.5,1.5,5.5,,5,33,0,0,0,0,0,33,0,0,0,0,5,33,0,0,0,0,0,5,0,0,0,0,5,33,0,0,0,0,0,52,0,0,0,0,1.5,4,1,5,5,1,5,1,1,1,,3,3,4,5,3,5,3,4,5,1,4,2,5,3,,4,,,,,,,,,,,,,,,,,,5,5,3,4,5,2,3,4,2,5,5,3,3,4,3,4,4,5,2,4,1,1,1,1,1,1,2,1,4,3,4,5,3,5,3,0,30,4,2,1,3500
04-06-25 15:46,1,3,,,,,,,,,5.5,3.5,1.5,,0,33,0,0,0,0,33,0,0,0,0,0,5,0,0,0,0,0,15,0,0,0,0,0,15,33,0,0,0,0,33,0,0,0,0,0,1.5,4,1,4,4,1,4,1,4,4,,1,2,2,2,4,5,2,4,5,4,2,5,5,3,,3,,,,,,,,,,,,,,,,,,4,2,4,5,3,2,3,5,4,4,5,3,2,5,4,4,4,5,3,4,1,1,2,2,2,2,1,2,2,4,3,5,3,3,4,0,30,4,1,1,2400
04-06-25 16:03,1,3,,,,,,,,,3.5,1.5,1.5,,15,15,0,0,0,0,0,0,0,0,0,0,5,0,15,0,0,0,0,0,0,0,0,0,15,15,15,0,0,0,0,0,0,0,0,0,3.5,5,5,2,1,1,3,1,1,1,,1,1,1,1,1,1,1,5,4,1,1,1,1,1,,3,,,,,,,,,,,,,,,,,,5,5,4,3,5,3,3,4,2,5,1,2,3,3,3,4,4,4,3,3,1,1,1,1,1,1,3,1,1,4,1,3,3,4,1,1,30,4,2,1,7000
04-06-25 16:04,1,3,,,,,,,,,1.5,3.5,5.5,,15,70,0,0,0,0,0,0,0,0,0,0,52,15,0,0,0,0,0,0,0,0,0,0,33,33,0,0,0,0,0,0,0,0,0,0,8.5,,,,,,,,,,,4,4,4,5,4,3,4,4,5,4,3,4,4,3,,,5,5,4,4,4,4,3,4,4,5,4,4,4,,2,3,5,5,5,4,5,4,4,5,3,3,4,5,5,3,3,5,4,4,4,4,5,4,2,4,3,1,1,2,4,4,5,3,5,1,4,4,0,30,4,5,1,3500
04-06-25 16:31,2,1,5,,,,,,,,3.5,3.5,3.5,,15,33,0,0,0,0,0,5,0,0,0,0,15,5,0,0,0,0,0,5,0,0,0,0,33,33,0,0,0,0,0,15,0,0,0,0,3.5,4,2,4,3,2,3,1,4,3,,5,3,4,5,3,4,4,4,5,3,2,3,3,3,,4,,,,,,,,,,,,,,,,,,5,5,4,5,5,3,5,4,3,4,5,5,4,4,4,4,4,4,5,5,2,3,2,2,2,2,4,2,2,3,4,5,2,4,4,0,30,4,,1,5500
04-06-25 17:24,1,1,10,,,,,,,,5.5,3.5,3.5,,33,33,0,0,0,0,0,0,0,0,0,0,15,5,0,0,0,0,0,0,0,0,0,0,5,33,0,0,0,0,0,33,0,0,0,0,5.5,,,,,,,,,,,5,3,5,5,4,3,3,3,4,4,3,3,5,3,,,2,2,2,3,3,3,4,4,2,5,3,3,4,,4,3,4,5,5,5,5,3,2,4,4,4,4,3,3,4,4,4,4,4,4,3,5,3,4,4,3,3,3,4,2,2,4,2,5,3,3,3,0,30,5,2,1,5500
04-06-25 17:38,1,1,17,,,,,,,,5.5,5.5,8.5,,33,33,0,0,0,0,0,5,0,0,0,0,15,15,0,0,0,0,0,0,0,0,0,0,33,33,33,33,33,33,33,33,33,33,33,33,8.5,,,,,,,,,,,5,4,4,4,4,2,3,3,5,4,3,3,5,4,,,4,4,4,4,4,4,4,5,3,4,4,4,5,,4,4,5,4,4,4,4,4,4,4,4,4,5,4,4,4,4,4,4,4,4,4,4,4,4,4,3,3,3,4,3,3,4,3,3,3,3,4,0,50,4,1,1,1350
04-06-25 17:59,1,3,,,,,,,,,1.5,3.5,3.5,,5,33,0,0,0,0,0,0,0,15,0,0,5,0,0,0,0,0,0,0,0,0,0,0,15,52,33,0,0,0,0,0,0,15,0,0,3.5,5,3,4,4,2,2,1,1,1,,3,4,5,5,5,5,3,4,3,3,4,5,5,4,,5,,,,,,,,,,,,,,,,,,4,4,4,5,5,4,4,3,3,4,4,5,3,3,3,4,4,4,4,5,3,2,2,2,2,2,3,4,3,4,3,4,3,4,5,1,60,4,3,1,2400
04-06-25 18:00,1,3,,,,,,,,,3.5,3.5,3.5,,0,70,52,0,52,0,0,0,0,0,0,0,33,0,5,0,0,0,0,0,0,0,0,0,0,70,33,0,0,0,0,0,0,0,0,0,3.5,5,5,5,4,1,1,1,5,1,,5,5,5,4,4,4,3,3,3,5,5,3,3,3,,5,,,,,,,,,,,,,,,,,,5,5,5,5,5,5,5,5,5,5,5,5,5,5,5,5,5,5,2,2,3,1,1,1,1,1,4,5,5,5,5,5,5,5,5,1,40,5,2,1,99
04-06-25 18:47,1,1,12,,,,,,,,3.5,3.5,1.5,,5,15,0,0,0,0,0,70,0,0,0,0,5,0,0,0,0,0,0,0,0,0,0,0,15,52,0,0,0,0,0,70,0,0,0,0,3.5,5,4,4,4,1,3,1,1,1,,1,4,5,5,5,1,5,3,5,2,3,3,4,4,,4,,,,,,,,,,,,,,,,,,4,4,4,3,5,2,4,3,3,5,5,5,4,3,4,5,5,5,2,4,2,2,1,1,1,1,1,4,4,5,5,4,2,5,5,1,40,4,3,1,3500
04-06-25 21:38,1,3,,,,,,,,,5.5,5.5,5.5,,33,52,5,5,15,5,5,5,5,5,5,5,15,33,5,5,5,5,5,5,5,5,5,5,33,70,5,5,5,5,5,5,5,5,5,5,8.5,,,,,,,,,,,3,4,5,5,4,4,1,4,5,4,5,4,4,5,,,5,5,4,5,5,3,5,3,2,2,5,3,5,,2,2,5,5,5,5,5,5,5,5,5,5,5,4,5,4,5,5,5,5,5,5,5,5,5,4,4,4,5,4,5,4,5,1,5,4,5,5,1,30,4,5,3,1350
04-06-25 22:26,1,1,12,,,,,,,,5.5,3.5,3.5,,15,15,0,0,0,0,0,33,0,0,0,0,5,15,0,0,0,0,0,0,0,0,0,0,15,15,15,0,0,0,0,15,0,0,0,0,5.5,,,,,,,,,,,5,5,5,5,5,5,4,3,4,4,2,2,4,2,,,4,4,4,2,2,3,4,5,4,5,5,3,4,,3,4,4,5,5,5,5,5,4,5,5,3,5,2,3,5,4,5,5,5,5,2,5,2,3,2,2,2,2,4,2,2,4,4,4,4,2,2,1,50,4,2,1,7000
04-06-25 22:47,1,1,10,,,,,,,,3.5,3.5,5.5,,0,0,0,0,0,0,0,33,0,0,0,0,5,0,0,0,0,0,0,0,0,0,0,0,0,0,0,0,0,0,0,33,0,0,0,0,8.5,,,,,,,,,,,2,2,2,2,2,4,2,3,3,4,1,3,2,2,,,1,2,1,4,5,1,4,4,3,5,3,3,4,,4,4,,5,5,5,4,4,4,4,4,3,3,3,3,3,3,3,4,3,3,3,4,3,2,3,3,2,2,5,1,1,1,1,3,2,2,2,1,40,4,1,1,4500
04-06-25 23:28,1,3,,,,,,,,,5.5,3.5,3.5,,0,0,0,0,0,0,0,33,0,0,0,0,15,0,0,0,0,0,0,0,0,0,0,0,5,0,0,0,0,0,0,0,0,0,0,0,5.5,,,,,,,,,,,5,4,3,5,3,5,5,4,3,3,3,3,5,4,,,2,2,2,5,5,1,4,5,5,4,3,2,1,,2,2,3,5,4,5,5,5,3,3,4,1,5,5,3,4,4,4,4,4,4,3,5,3,2,3,5,4,3,5,1,1,4,1,5,5,3,4,1,40,5,1,1,4500
05-06-25 9:24,1,1,2,,,,,,,,0,5.5,3.5,,33,33,0,0,33,15,33,33,0,0,0,0,15,33,0,0,0,0,15,33,0,0,0,0,15,33,0,0,0,0,15,33,0,0,0,0,8.5,,,,,,,,,,,5,4,5,5,4,3,3,3,4,4,3,3,4,4,,,4,5,4,3,3,1,4,4,3,5,4,3,4,,4,4,4,5,5,5,5,4,4,5,3,4,5,5,4,5,5,5,5,5,5,4,5,5,4,2,3,3,3,4,2,2,4,3,4,3,3,3,1,50,4,1,2,99
05-06-25 11:20,1,1,20,,,,,,,,3.5,3.5,3.5,,0,0,33,0,0,0,0,0,0,0,0,0,5,5,0,0,0,0,0,5,0,0,0,0,52,33,33,0,0,0,0,15,0,0,0,0,3.5,5,4,2,3,4,3,1,3,2,,2,5,5,5,4,4,3,4,4,4,3,4,4,4,,4,,,,,,,,,,,,,,,,,,5,5,5,5,5,4,5,5,5,5,4,4,5,5,5,5,5,5,4,5,1,1,1,1,1,1,4,3,3,5,2,2,4,4,4,1,40,4,2,1,5500
05-06-25 12:15,1,3,,,,,,,,,5.5,3.5,1.5,,70,52,15,0,0,0,0,33,0,33,0,0,15,33,15,0,0,0,0,15,0,15,0,0,5,52,33,0,0,0,0,15,0,15,0,0,3.5,4,2,4,4,1,5,1,2,1,,3,4,4,3,3,4,3,4,5,4,4,3,3,4,,4,,,,,,,,,,,,,,,,,,5,5,4,5,4,3,4,3,3,5,2,3,3,4,3,5,5,5,3,4,2,2,2,3,2,2,4,4,4,4,3,4,4,4,3,1,30,5,2,1,7000
05-06-25 12:16,1,1,11,,,,,,,,5.5,3.5,5.5,,15,5,0,0,0,0,0,15,0,0,0,0,5,0,0,0,0,0,0,0,0,0,0,0,5,33,0,0,0,0,0,33,0,0,0,0,8.5,,,,,,,,,,,4,3,5,4,5,3,5,4,5,3,3,4,5,5,,,4,4,2,2,4,4,5,5,5,5,5,4,5,,3,4,4,5,5,5,5,5,4,4,5,1,5,3,5,4,3,3,5,5,5,2,5,1,1,2,2,1,4,4,2,4,4,1,5,1,2,3,0,21,4,2,6,3500
05-06-25 12:27,1,1,2,,,,,,,,3.5,3.5,3.5,,15,52,0,0,0,0,0,0,0,0,0,0,15,5,0,0,0,0,0,0,0,5,0,0,15,15,0,0,5,0,0,0,0,5,0,0,8.5,,,,,,,,,,,5,5,5,5,5,5,5,5,5,5,5,5,5,5,,,2,5,2,5,5,3,4,3,5,1,2,3,1,,4,3,5,5,5,5,5,5,5,5,5,5,5,5,5,2,2,2,4,4,3,3,3,2,2,1,1,1,1,5,5,5,5,1,5,5,5,5,1,21,3,1,6,600
05-06-25 13:08,1,1,17,,,,,,,,5.5,5.5,3.5,,70,33,0,0,0,0,0,0,0,0,0,0,5,5,0,0,0,0,0,0,0,0,0,0,52,33,0,0,0,0,0,0,0,0,0,0,1.5,5,5,5,5,1,5,4,4,1,,2,4,4,4,4,4,4,2,4,4,4,2,2,4,,4,,,,,,,,,,,,,,,,,,4,3,3,2,4,2,3,4,2,4,2,2,2,2,2,4,4,4,4,4,2,3,3,3,3,1,1,4,4,4,4,4,1,3,1,0,30,5,2,1,4500
05-06-25 19:11,2,1,3,,,,,,,,3.5,1.5,1.5,,15,33,0,0,0,0,0,0,0,0,0,0,15,5,0,0,0,0,0,0,0,0,0,0,15,33,0,0,0,0,0,0,0,0,0,0,3.5,5,4,5,4,2,3,3,1,2,,3,4,5,5,5,2,4,5,5,3,2,4,4,4,,4,,,,,,,,,,,,,,,,,,5,5,5,5,5,4,4,5,5,5,3,4,5,5,5,5,5,5,3,5,4,4,3,4,2,2,3,1,3,5,1,5,3,4,3,0,30,4,,1,2400
09-06-25 17:22,2,1,7,,,,,,,,8.5,8.5,5.5,,5,33,0,0,0,0,0,0,0,0,0,0,5,0,0,0,0,0,0,0,0,0,0,0,5,33,0,0,0,0,0,0,0,0,0,0,8.5,,,,,,,,,,,4,4,3,4,4,4,3,5,4,4,3,3,4,4,,,2,3,2,4,4,5,4,4,4,4,4,3,3,,4,4,4,5,4,4,4,5,4,5,5,5,5,3,4,5,4,5,5,5,5,4,4,5,4,5,3,4,3,4,3,3,4,4,4,3,3,3,0,40,2,,1,3500
09-06-25 23:37,1,3,,,,,,,,,5.5,1.5,1.5,,5,33,15,15,0,0,0,0,0,0,0,0,5,0,15,15,0,0,0,0,0,0,0,0,0,33,0,0,0,0,0,0,0,0,0,0,0,5,1,5,5,1,4,1,1,1,,1,1,1,1,1,1,1,1,1,1,1,1,1,1,,1,,,,,,,,,,,,,,,,,,4,2,1,2,3,1,1,1,1,1,1,4,1,4,3,1,1,1,1,1,1,1,5,4,3,3,1,1,1,1,1,1,1,1,1,1,40,3,1,1,7000
10-06-25 10:27,1,1,10,,,,,,,,5.5,5.5,3.5,,15,33,0,0,0,0,0,0,0,0,0,0,5,0,0,0,0,0,0,0,0,0,0,0,15,33,0,0,0,0,0,0,0,0,0,0,3.5,5,1,5,5,1,5,1,1,1,,4,3,5,5,3,4,3,5,5,4,3,3,4,4,,3,,,,,,,,,,,,,,,,,,5,5,4,5,5,4,5,4,2,5,5,5,3,4,4,5,5,5,3,5,3,3,3,3,3,3,3,3,3,3,3,3,3,5,3,0,30,4,1,6,2400
10-06-25 11:59,1,3,,,,,,,,,0,8.5,8.5,,0,0,0,0,0,0,0,0,0,0,0,0,33,0,0,0,0,0,0,0,0,0,0,0,33,0,0,0,0,0,0,33,0,0,0,0,5.5,,,,,,,,,,,4,4,5,5,5,3,4,4,4,4,3,3,4,3,,,4,3,3,4,2,3,4,4,4,4,4,3,3,,4,3,4,4,4,3,5,4,3,4,4,3,4,4,4,4,4,4,4,4,4,4,4,4,4,3,2,2,2,4,3,3,4,4,4,3,4,3,1,75,5,1,5,3500
10-06-25 19:33,1,3,,,,,,,,,1.5,3.5,3.5,,5,70,0,0,0,0,0,33,0,0,0,0,15,0,0,0,0,0,0,33,0,0,0,0,5,0,0,0,0,0,0,15,0,0,0,0,5.5,,,,,,,,,,,3,3,4,3,3,4,1,4,3,3,2,2,4,4,,,2,2,2,5,5,1,3,2,2,5,3,1,1,,4,4,,4,4,4,4,2,2,3,2,3,4,4,2,4,2,2,4,4,4,1,4,1,3,3,2,3,4,4,1,2,3,1,2,2,2,3,99,40,5,1,1,3500
10-06-25 22:11,1,3,,,,,,,,,8.5,1.5,5.5,,52,70,0,0,0,0,0,70,0,0,0,0,33,0,0,0,0,0,0,52,0,0,0,0,33,70,0,0,0,0,0,52,0,0,0,0,8.5,,,,,,,,,,,5,5,5,5,5,5,5,3,5,5,4,5,5,5,,,4,4,4,4,3,4,4,5,5,5,5,4,5,,3,4,5,5,5,5,5,5,5,5,5,5,5,5,5,5,5,5,5,5,5,5,5,3,3,3,3,3,3,5,5,5,5,3,5,3,5,5,1,30,4,1,6,1350
10-06-25 22:54,1,1,18,,,,,,,,3.5,3.5,1.5,,15,52,0,0,0,0,0,0,0,5,0,0,33,5,0,0,0,0,0,0,0,0,0,0,15,33,0,0,0,0,0,0,0,0,0,0,8.5,,,,,,,,,,,3,4,5,4,3,4,2,2,3,3,3,2,2,3,,,3,4,2,3,3,2,5,5,5,3,5,3,4,,3,4,4,5,4,5,4,4,4,5,4,2,4,3,4,4,3,4,4,4,4,3,4,2,2,2,2,2,2,2,3,4,5,2,4,1,3,2,1,40,5,3,1,4500
11-06-25 14:46,1,1,10,,,,,,,,3.5,5.5,1.5,,15,15,0,0,0,0,0,0,0,0,0,0,15,15,0,0,0,0,0,15,0,0,0,0,5,15,0,0,5,0,0,15,0,0,0,0,3.5,5,3,1,2,1,1,3,2,1,,5,4,5,5,5,5,3,4,5,4,4,3,3,4,,5,,,,,,,,,,,,,,,,,,5,5,5,5,5,4,5,5,4,5,5,4,5,5,5,5,5,5,4,5,4,3,3,4,3,2,4,4,4,5,3,5,4,4,3,0,40,5,1,1,3500
11-06-25 14:54,1,3,,,,,,,,,5.5,5.5,3.5,,0,33,33,0,0,0,0,0,0,0,0,0,5,0,33,0,33,0,0,0,0,0,0,0,0,0,52,0,33,0,0,0,0,0,0,0,0,2,5,1,2,1,3,1,4,5,,5,4,5,5,5,5,5,5,4,3,3,1,5,4,,4,,,,,,,,,,,,,,,,,,5,5,4,3,4,4,4,4,4,4,5,4,3,3,4,4,3,4,4,4,4,1,1,1,1,1,3,3,3,5,3,5,4,5,5,0,30,4,3,6,99
12-06-25 10:12,2,2,,,1,,,,,,5.5,5.5,5.5,,15,15,0,0,0,0,0,0,0,0,0,0,15,15,0,0,0,0,0,0,0,0,0,0,15,15,0,0,0,0,0,0,0,0,0,0,8.5,,,,,,,,,,,4,4,4,5,5,4,4,4,5,4,4,4,5,5,,,3,4,3,4,4,3,3,4,4,4,4,3,3,,4,4,,4,4,4,5,5,4,5,4,3,3,4,3,3,3,3,4,4,4,3,4,3,3,3,4,3,4,3,3,3,4,4,4,3,5,3,1,21,3,,,1350
12-06-25 10:36,2,2,,,3,,,,,,5.5,5.5,5.5,,5,15,0,0,0,0,0,0,0,0,0,0,15,33,0,0,0,0,0,0,0,0,0,0,15,33,0,0,0,0,0,0,0,0,0,0,8.5,,,,,,,,,,,2,4,2,4,5,5,2,3,3,1,1,4,5,5,,,2,2,2,5,4,4,3,2,1,5,4,1,1,,4,3,4,5,5,3,4,4,4,5,3,3,5,5,5,3,4,4,5,5,5,4,5,5,4,5,5,4,4,5,1,4,4,5,4,1,1,5,1,30,3,,6,
12-06-25 11:44,2,2,,,3,,,,,,8.5,5.5,3.5,,15,5,5,0,0,0,0,0,0,0,0,0,5,5,0,0,0,0,0,0,0,0,0,0,15,5,0,0,0,0,0,0,0,0,0,0,5.5,,,,,,,,,,,4,4,3,4,3,5,3,3,5,3,3,3,5,3,,,5,3,5,5,5,2,5,5,3,3,5,3,4,,4,4,5,5,5,5,5,4,5,5,5,5,5,4,5,5,5,5,5,5,5,4,5,4,4,4,3,3,4,5,4,3,4,4,5,3,4,5,0,21,2,,6,1350
12-06-25 12:25,2,2,,,2,,,,,,3.5,3.5,3.5,,33,15,5,0,0,0,0,15,0,0,0,0,5,15,15,0,0,0,0,15,0,0,0,0,0,0,33,0,0,0,0,15,0,0,0,0,3.5,4,3,4,4,4,4,3,5,3,,2,4,4,4,4,4,1,4,4,4,4,4,4,4,,4,,,,,,,,,,,,,,,,,,4,4,4,4,4,4,4,4,4,4,4,4,3,3,3,4,4,4,4,4,3,3,3,3,3,3,4,4,4,4,3,3,3,3,3,0,50,4,,1,3500
12-06-25 12:43,2,2,,,8,,,,,,8.5,8.5,8.5,,33,0,52,70,0,0,0,0,0,0,0,0,52,0,33,52,0,0,0,0,0,0,0,0,52,0,33,52,0,0,0,0,0,0,0,0,5.5,,,,,,,,,,,1,3,3,3,3,3,1,4,4,3,3,4,4,3,,,4,5,4,2,4,2,4,3,4,3,4,4,3,,4,3,4,3,3,3,3,3,2,3,4,4,4,4,3,3,3,3,4,4,4,4,4,4,4,4,3,3,3,3,3,3,4,3,3,3,4,3,1,67,5,,2,99
12-06-25 13:40,2,2,,,12,,,,,,5.5,1.5,1.5,,52,33,0,0,0,0,0,33,0,0,15,0,33,15,0,0,0,0,0,15,0,0,15,0,52,33,0,0,0,0,0,15,0,0,15,0,1.5,4,2,4,4,2,5,1,2,1,,4,4,5,5,5,5,5,5,5,5,5,5,5,3,,5,,,,,,,,,,,,,,,,,,5,5,4,5,5,4,5,5,5,5,5,3,5,4,5,5,5,5,4,5,4,4,5,4,4,2,3,2,2,5,4,5,3,4,3,0,21,2,,1,1350
12-06-25 13:44,2,2,,,15,,,,,,8.5,1.5,3.5,,5,0,70,0,0,0,0,5,0,0,0,0,5,0,52,0,0,0,0,5,0,0,0,0,52,0,70,0,0,0,0,33,0,0,0,0,1.5,3,4,5,3,3,3,3,3,3,,3,5,5,3,3,3,1,5,3,5,3,3,3,3,,3,,,,,,,,,,,,,,,,,,5,5,3,5,5,1,5,3,5,5,5,5,3,3,3,3,3,3,3,3,3,3,3,3,3,3,3,1,1,5,1,3,1,1,1,0,40,2,,2,4500
12-06-25 14:20,2,2,,,12,,,,,,1.5,3.5,5.5,,5,70,70,0,33,0,0,0,0,0,0,0,5,5,70,0,0,0,0,0,0,0,0,0,33,15,70,0,0,0,0,0,0,0,0,0,1.5,5,3,5,5,4,5,2,2,2,,2,1,3,3,3,2,1,3,3,4,2,3,4,4,,3,,,,,,,,,,,,,,,,,,5,4,1,3,3,2,3,3,2,4,4,4,3,3,3,4,4,5,3,3,3,3,3,3,3,3,2,3,3,3,1,1,2,2,3,1,60,4,,2,99
12-06-25 15:40,2,2,,,7,,,,,,3.5,8.5,1.5,,33,15,5,5,15,0,5,15,15,0,0,0,33,5,5,5,0,0,0,0,0,0,0,0,0,0,33,33,0,0,0,0,0,0,0,0,0,4,1,5,5,1,5,4,1,1,,1,1,1,1,1,1,1,5,4,1,1,1,1,1,,2,,,,,,,,,,,,,,,,,,4,3,3,4,3,1,4,4,3,4,4,4,3,4,4,4,4,3,2,2,2,2,2,2,2,2,2,1,4,4,1,1,1,4,4,0,50,2,,1,10000
12-06-25 16:33,2,2,,,10,,,,,,5.5,5.5,5.5,,15,15,15,0,0,0,0,5,0,0,0,0,33,33,15,0,0,0,0,15,0,0,0,0,15,0,33,0,0,0,0,0,0,0,0,0,5.5,,,,,,,,,,,3,4,5,4,4,5,3,5,5,5,2,3,3,5,,,5,5,5,5,5,4,3,3,4,4,5,4,4,,3,3,5,5,5,5,5,3,3,5,5,5,5,3,5,4,4,4,4,5,5,5,5,5,5,4,2,2,2,4,5,4,5,3,3,2,4,3,1,30,5,,1,4500
12-06-25 17:05,2,2,,,8,,,,,,0,0,1.5,,5,5,5,5,5,5,5,5,5,5,5,5,5,5,5,5,5,5,5,5,5,5,5,5,15,15,15,5,5,5,5,5,15,5,5,5,3.5,2,2,2,2,1,2,1,1,1,,4,4,4,4,4,4,4,4,4,4,4,4,4,4,,3,,,,,,,,,,,,,,,,,,4,4,4,4,4,4,4,4,4,4,4,4,4,4,4,4,4,1,4,4,4,4,4,4,4,4,4,4,4,4,4,4,4,4,4,0,75,2,,5,1350
12-06-25 19:46,2,2,,,1,,,,,,8.5,3.5,5.5,,33,15,5,5,0,0,0,0,0,0,0,0,5,0,15,15,0,0,0,0,0,0,0,0,5,5,0,0,0,0,0,0,0,0,0,0,3.5,4,2,4,3,1,2,1,1,1,,4,4,5,4,3,5,3,4,5,4,3,3,3,4,,4,,,,,,,,,,,,,,,,,,5,5,5,5,4,4,5,4,4,5,3,5,4,4,4,4,4,5,3,4,3,2,2,3,2,2,4,3,4,4,4,5,4,4,3,1,30,4,,1,3500
12-06-25 20:26,2,2,,,7,,,,,,5.5,1.5,3.5,,0,33,15,15,0,0,15,0,15,0,15,0,0,33,15,15,70,70,15,0,15,0,15,0,0,33,15,15,0,0,15,0,15,0,15,0,1.5,5,5,5,5,4,4,3,4,2,,4,4,5,3,3,4,1,4,4,3,4,4,4,4,,4,,,,,,,,,,,,,,,,,,4,4,3,3,3,2,4,2,3,5,5,3,2,4,4,4,4,3,1,3,3,4,3,3,3,2,1,5,5,5,1,1,1,3,4,1,50,5,,2,99
12-06-25 22:04,2,2,,,8,,,,,,0,3.5,3.5,,5,33,15,0,0,0,0,0,0,0,0,0,15,33,33,0,0,0,0,0,0,0,0,0,15,0,70,0,0,0,0,0,0,0,0,0,1.5,3,3,3,4,4,4,4,4,3,,2,1,1,1,1,1,1,2,1,1,1,1,1,1,,1,,,,,,,,,,,,,,,,,,4,3,1,1,2,1,2,2,1,4,4,5,1,1,2,4,4,4,4,4,4,4,2,2,2,2,2,1,1,1,1,1,1,1,1,1,75,5,,5,4500
12-06-25 22:20,1,2,,,4,,,,,,5.5,1.5,3.5,,33,52,0,0,0,0,0,33,0,0,0,0,5,33,52,0,0,0,0,0,0,0,0,0,5,0,52,0,0,0,0,0,0,0,0,0,3.5,2,1,3,1,3,2,1,2,2,,1,3,2,2,3,1,3,1,3,2,4,1,2,1,,4,,,,,,,,,,,,,,,,,,3,4,2,2,1,4,3,3,3,4,2,2,2,4,4,3,5,3,3,4,3,4,2,5,4,3,4,1,2,1,2,1,2,1,3,1,21,3,1,6,99
12-06-25 22:31,2,2,,,1,,,,,,8.5,5.5,3.5,,5,5,0,0,0,0,0,5,0,0,0,0,5,5,0,0,0,0,0,0,0,0,0,0,5,5,33,33,33,33,33,33,33,33,33,33,8.5,,,,,,,,,,,1,1,4,3,3,5,1,3,4,4,1,1,1,1,,,4,3,3,5,5,1,3,4,5,3,3,3,5,,4,4,4,5,5,3,4,4,1,5,4,4,3,4,5,4,4,5,4,3,3,2,5,3,3,5,4,4,4,4,1,1,2,1,4,1,1,1,1,30,3,,6,99
13-06-25 8:41,2,2,,,7,,,,,,1.5,3.5,3.5,,15,5,33,5,15,5,5,5,5,5,5,5,5,15,52,5,15,5,5,5,5,5,5,5,5,15,33,5,5,5,5,5,5,5,5,5,3.5,5,4,4,4,2,4,4,3,5,,2,3,5,5,4,4,1,3,2,2,2,4,4,5,,3,,,,,,,,,,,,,,,,,,4,5,4,4,3,4,5,3,2,4,1,2,4,4,5,5,5,5,5,5,5,5,4,3,4,3,3,4,4,5,3,1,2,3,3,0,75,4,,5,3500
13-06-25 8:44,2,2,,,6,,,,,,1.5,1.5,1.5,,15,0,33,0,0,0,0,33,0,0,0,0,15,15,15,0,0,0,0,15,0,0,0,0,15,15,15,0,0,0,0,15,0,0,0,0,8.5,,,,,,,,,,,5,5,5,5,5,5,5,3,5,5,3,5,5,5,,,5,5,5,5,5,2,5,5,5,5,5,5,5,,4,4,5,5,5,5,5,5,5,5,5,5,5,5,5,5,5,5,5,5,5,5,5,5,5,5,5,5,3,5,3,3,5,3,5,3,5,5,0,30,2,,4,2400
13-06-25 9:12,1,1,13,,,,,,,,1.5,3.5,3.5,,5,5,33,5,5,5,5,5,5,5,5,5,5,5,33,5,5,5,5,5,5,5,5,5,33,5,15,5,5,5,5,5,5,5,5,5,3.5,5,5,5,4,1,5,1,1,1,,5,5,5,5,5,5,1,1,4,4,4,4,2,4,,4,,,,,,,,,,,,,,,,,,5,5,4,4,4,3,4,5,4,5,3,4,4,5,5,5,5,5,4,5,4,4,2,3,2,2,2,4,4,5,4,4,4,5,3,0,50,3,2,1,99
13-06-25 9:13,2,2,,,3,,,,,,5.5,5.5,5.5,,52,15,15,0,0,0,0,0,0,0,0,0,5,5,0,0,0,0,0,5,0,0,0,0,15,5,0,0,0,0,0,5,0,0,0,0,8.5,,,,,,,,,,,4,4,5,4,4,4,3,3,4,5,3,2,4,3,,,4,5,3,4,4,3,4,5,5,5,5,3,4,,4,4,4,5,5,5,5,5,5,5,5,5,5,4,5,5,5,5,5,5,5,4,5,5,5,4,4,4,3,4,3,3,5,3,5,3,3,5,0,21,3,,1,2400
13-06-25 9:44,2,2,,,2,,,,,,5.5,3.5,5.5,,5,0,0,0,0,0,0,33,0,0,0,0,15,0,0,0,0,0,0,33,0,0,0,0,15,0,0,0,0,0,0,52,0,0,0,0,8.5,,,,,,,,,,,3,4,5,5,5,5,3,4,5,5,3,3,4,3,,,3,5,3,4,4,3,5,5,5,5,5,4,4,,3,3,5,5,5,5,5,5,5,5,5,2,5,5,4,5,5,5,5,5,5,3,5,5,5,3,3,3,3,5,3,3,4,3,5,3,5,4,0,30,3,,1,2400
13-06-25 9:46,2,3,,,,,,,,,3.5,5.5,3.5,,5,15,33,0,0,0,0,15,0,0,0,0,15,0,33,0,0,0,0,0,0,0,0,0,0,33,33,0,0,0,0,0,0,0,0,0,1.5,5,3,5,5,2,5,1,1,2,,1,3,4,1,3,2,1,4,4,3,4,3,3,4,,4,,,,,,,,,,,,,,,,,,4,4,3,5,4,3,4,3,3,5,3,4,3,3,3,5,5,5,1,3,1,2,2,3,1,3,1,3,3,3,1,1,1,1,3,0,40,3,,1,2400
13-06-25 9:50,2,3,,,,,,,,,5.5,1.5,8.5,,5,33,5,0,0,0,0,0,0,0,0,0,5,0,15,0,0,0,0,0,0,0,0,0,5,0,15,0,0,0,0,70,0,0,0,0,1.5,5,4,5,3,3,5,3,5,2,,5,5,5,5,5,5,5,5,5,5,5,4,5,5,,5,,,,,,,,,,,,,,,,,,5,5,5,5,5,3,5,5,2,5,4,4,4,5,5,5,5,5,4,4,3,3,3,4,3,4,4,4,4,5,4,5,3,4,4,1,50,2,,1,99
13-06-25 10:11,1,3,,,,,,,,,3.5,1.5,1.5,,0,52,0,0,0,0,0,0,33,0,0,0,15,0,0,0,0,0,0,0,15,0,0,0,15,33,0,0,0,0,0,0,15,0,0,0,8.5,,,,,,,,,,,4,4,4,4,4,4,4,4,4,4,4,4,4,4,,,2,4,2,5,4,4,4,4,4,4,4,4,4,,3,3,4,4,4,4,4,4,4,4,4,4,4,4,4,4,4,4,4,4,4,4,4,4,4,4,4,4,4,4,4,4,4,4,4,4,4,4,1,40,5,3,1,4500
13-06-25 10:35,1,3,,,,,,,,,3.5,1.5,3.5,,15,0,0,5,0,0,0,0,15,0,0,0,33,15,0,5,5,0,0,15,0,15,0,0,33,15,0,52,15,0,0,0,0,15,0,0,5.5,,,,,,,,,,,5,5,5,5,5,5,5,5,5,5,5,2,4,4,,,5,4,5,3,3,4,4,5,5,4,4,3,3,,2,3,5,5,5,3,5,5,3,5,4,3,4,4,4,4,4,5,5,5,5,4,5,4,3,3,4,4,2,4,4,4,4,5,5,5,5,5,1,30,5,2,1,4500
13-06-25 11:43,2,2,,,6,,,,,,5.5,3.5,8.5,,0,0,33,0,0,0,0,15,0,0,0,0,15,5,0,0,0,0,0,5,0,0,0,0,15,5,0,0,0,0,0,15,0,0,0,0,5.5,,,,,,,,,,,2,4,5,4,1,2,1,5,4,4,2,2,1,3,,,3,4,3,5,5,3,5,5,4,4,3,3,4,,4,5,2,5,5,4,5,3,4,4,5,3,5,4,5,5,4,5,5,5,5,3,5,3,5,3,5,3,4,4,1,2,3,3,2,1,1,1,0,21,3,,1,4500
13-06-25 12:45,2,2,,,5,,,,,,8.5,5.5,5.5,,5,0,52,0,0,0,0,15,33,33,33,33,5,5,33,0,0,0,0,70,0,0,0,0,70,33,70,0,0,0,0,70,0,0,0,0,5.5,,,,,,,,,,,3,4,5,4,4,5,3,3,4,3,2,4,5,3,,,5,4,5,2,2,3,5,5,4,4,5,5,5,,5,4,5,5,5,5,5,5,5,5,5,5,5,5,5,5,5,5,5,5,5,5,5,5,5,5,4,4,3,5,4,4,4,4,4,3,5,5,1,60,5,,1,99
13-06-25 13:23,1,3,,,,,,,,,5.5,5.5,5.5,,0,0,0,0,0,0,0,33,33,0,0,0,5,0,0,0,0,0,0,5,5,0,0,0,15,33,0,0,0,0,0,15,15,0,0,0,8.5,,,,,,,,,,,5,4,4,5,5,4,3,5,5,2,1,2,4,1,,,5,5,5,2,2,2,5,4,1,4,5,4,1,,4,4,5,5,5,5,5,5,5,5,5,5,5,3,5,5,5,5,5,5,5,5,5,5,4,3,3,2,1,5,1,1,5,5,5,3,3,4,1,60,5,4,1,99
13-06-25 20:13,2,2,,,7,,,,,,5.5,1.5,1.5,,0,0,70,0,0,0,0,0,0,0,0,0,5,5,33,0,0,0,0,5,0,0,0,0,70,0,70,0,0,0,0,70,0,0,0,0,1.5,4,3,4,3,5,2,1,1,2,,3,4,4,3,3,4,3,4,4,3,3,3,3,3,,3,,,,,,,,,,,,,,,,,,4,4,4,4,4,4,4,4,4,4,4,4,4,4,4,4,4,4,4,4,4,4,3,3,3,3,4,3,3,4,3,3,3,4,4,1,50,4,,1,10000
13-06-25 20:43,2,2,,,8,,,,,,5.5,5.5,8.5,,70,33,33,0,0,0,15,0,33,0,0,0,33,33,5,0,0,0,5,0,5,0,0,0,15,15,5,0,0,0,5,0,5,0,0,0,1.5,5,5,5,3,3,5,4,3,1,,1,5,3,1,1,5,1,3,2,4,1,1,1,4,,3,,,,,,,,,,,,,,,,,,4,3,1,2,4,3,2,1,1,5,1,3,2,4,4,5,5,5,4,3,3,3,2,3,2,2,3,2,4,4,1,1,1,1,1,0,50,5,,1,4500
13-06-25 20:59,2,2,,,8,,,,,,3.5,3.5,3.5,,33,33,15,0,0,0,0,15,0,0,0,0,15,0,5,0,0,0,0,5,0,0,0,0,33,33,15,0,0,0,0,5,0,0,0,0,8.5,,,,,,,,,,,2,2,3,2,2,2,3,2,3,3,2,2,4,3,,,4,3,4,3,3,1,4,4,4,2,4,3,2,,3,4,4,5,5,5,5,5,4,5,5,1,5,5,3,4,5,5,5,5,5,2,5,5,4,4,1,2,1,4,2,4,4,5,4,1,4,3,1,40,4,,2,1350
13-06-25 21:01,2,2,,,8,,,,,,3.5,3.5,3.5,,5,0,33,0,0,0,0,0,0,0,0,0,52,0,0,0,0,0,0,0,0,0,0,0,33,52,15,52,52,52,52,33,52,52,52,52,8.5,,,,,,,,,,,2,1,1,1,1,3,1,3,3,2,1,1,4,1,,,3,2,2,4,1,1,4,1,1,5,5,1,1,,4,4,2,3,4,4,3,3,3,3,4,3,5,3,3,2,3,3,4,4,4,3,3,3,3,3,3,3,3,4,1,1,1,4,2,1,2,4,1,40,4,,1,7000
13-06-25 21:09,2,2,,,8,,,,,,5.5,3.5,3.5,,5,0,0,0,0,0,0,33,0,0,0,0,0,0,0,0,0,0,0,15,0,0,0,0,5,5,0,0,0,0,0,52,0,0,0,0,8.5,,,,,,,,,,,3,3,5,3,3,5,3,3,4,4,2,2,2,2,,,3,4,3,5,5,3,5,5,4,5,5,3,3,,3,3,5,5,4,4,5,4,4,5,5,3,5,2,5,4,4,4,5,5,5,4,4,3,3,3,3,4,2,5,1,4,4,1,4,1,2,1,0,50,4,,2,7000
13-06-25 22:12,2,2,,,8,,,,,,5.5,1.5,1.5,,5,0,33,0,0,0,0,70,70,70,70,70,15,5,0,0,0,0,0,33,0,0,0,0,15,0,0,0,0,0,0,33,0,0,0,0,3.5,5,4,4,4,2,1,1,1,1,,5,3,5,5,5,5,1,5,5,2,5,1,5,2,,5,,,,,,,,,,,,,,,,,,5,5,4,5,5,3,5,5,5,5,5,4,5,5,5,5,5,5,4,5,3,4,2,2,3,2,5,2,2,3,5,5,5,5,5,0,40,4,,1,2400
13-06-25 23:00,2,2,,,8,,,,,,0,1.5,1.5,,15,15,15,5,5,5,5,5,5,5,5,5,15,15,15,5,5,5,5,5,5,5,5,5,15,15,70,5,15,5,5,5,5,5,5,5,1.5,1,1,1,1,4,4,1,1,1,,1,1,1,1,1,1,1,1,1,1,1,1,1,1,,1,,,,,,,,,,,,,,,,,,5,5,5,5,5,5,5,5,5,2,2,5,3,5,5,3,3,3,3,3,3,3,3,3,3,3,3,1,3,3,3,1,3,3,3,0,75,2,,5,2400
13-06-25 23:20,2,2,,,8,,,,,,5.5,1.5,3.5,,33,15,0,0,0,0,0,15,0,0,0,0,33,33,0,0,5,0,0,33,0,0,0,0,52,33,0,0,15,0,0,33,0,0,0,0,5.5,,,,,,,,,,,5,3,5,5,4,4,5,4,3,3,2,2,3,4,,,3,5,4,3,4,1,5,5,2,3,5,4,4,,4,4,3,5,5,5,5,5,5,5,5,5,5,4,5,5,4,5,5,4,5,3,5,2,2,3,1,1,1,4,1,1,1,1,1,1,1,1,1,50,2,,1,4500
14-06-25 0:52,2,2,,,8,,,,,,1.5,5.5,3.5,,5,15,0,0,0,0,0,0,0,0,0,0,5,0,15,0,0,0,0,0,0,0,0,0,5,15,0,0,0,0,0,0,0,0,0,0,3.5,4,3,4,4,4,4,2,2,1,,2,2,4,2,3,2,1,3,5,3,3,4,3,3,,4,,,,,,,,,,,,,,,,,,4,4,4,4,4,4,4,4,3,4,3,4,3,4,4,4,4,4,4,4,3,3,3,4,3,3,4,2,3,3,3,3,3,5,3,0,60,4,,5,3500
14-06-25 6:18,2,2,,,8,,,,,,0,1.5,5.5,,0,0,0,0,0,0,0,0,0,0,0,0,15,0,15,0,0,0,0,0,0,0,0,0,70,15,0,0,0,0,0,0,0,0,0,0,5.5,,,,,,,,,,,1,2,1,3,3,1,1,2,3,2,2,4,3,3,,,2,4,3,3,4,3,5,1,1,2,5,1,2,,4,4,1,3,2,1,2,3,1,2,2,2,4,2,3,1,2,2,5,4,4,2,2,2,2,3,4,4,3,4,1,1,1,1,1,1,1,1,1,75,2,,5,5500
14-06-25 9:41,2,2,,,8,,,,,,5.5,5.5,3.5,,33,15,0,0,0,33,0,15,0,0,0,0,70,33,0,0,0,0,0,70,0,0,0,0,70,33,33,0,0,0,0,70,0,0,0,0,8.5,,,,,,,,,,,3,3,4,3,3,4,3,3,4,4,3,3,4,3,,,3,3,2,5,5,3,5,5,3,3,5,4,5,,4,4,,5,5,5,5,5,5,5,5,5,5,4,2,5,5,5,5,5,5,4,5,4,4,3,1,1,1,5,2,2,3,1,4,2,2,2,1,50,5,,1,99
14-06-25 23:20,2,2,,,16,,,,,,0,1.5,1.5,,15,15,70,0,0,0,0,0,0,0,0,0,52,5,70,0,0,0,0,0,0,0,0,0,70,0,70,0,0,0,0,0,0,0,0,0,3.5,4,3,5,5,5,5,4,4,5,,3,3,3,3,3,1,1,1,2,3,3,3,3,3,,5,,,,,,,,,,,,,,,,,,2,2,2,2,2,2,2,2,2,5,5,5,1,1,1,5,5,5,5,5,5,5,5,5,5,5,5,1,1,1,1,1,1,1,1,0,60,2,,5,2400
16-06-25 10:18,1,1,14,,,,,,,,3.5,1.5,1.5,,5,52,0,0,0,0,0,0,0,0,0,0,5,0,0,0,0,0,0,0,0,0,0,0,5,33,0,0,0,0,0,0,0,0,0,0,5.5,,,,,,,,,,,4,3,4,4,3,3,4,3,4,3,3,3,4,3,,,4,2,3,4,4,3,4,4,3,4,4,3,2,,5,5,3,5,5,5,5,5,4,4,4,4,5,4,4,4,4,4,5,5,5,3,4,3,3,3,2,2,2,3,2,4,4,3,4,2,3,3,0,40,4,2,1,3500
17-06-25 13:19,1,3,,,,,,,,,0,0,1.5,,52,52,0,0,52,52,0,0,0,0,0,0,33,5,0,0,33,33,0,0,33,15,0,0,15,15,0,0,0,0,0,0,0,0,0,0,1.5,3,3,3,3,3,5,3,3,5,,4,4,4,4,4,4,4,4,4,4,5,5,5,5,,5,,,,,,,,,,,,,,,,,,4,4,4,4,4,4,4,4,4,4,4,4,4,5,5,3,4,4,4,4,4,4,4,4,4,4,4,4,4,4,4,4,4,4,4,1,50,5,1,1,10000
18-06-25 14:27,1,1,5,,,,,,,,5.5,1.5,1.5,,33,33,0,0,15,0,0,0,0,0,0,0,15,15,0,0,0,0,0,0,0,0,0,0,33,33,0,0,0,15,0,0,0,0,0,0,5.5,,,,,,,,,,,5,5,4,5,4,3,4,5,4,4,3,4,4,4,,,4,5,4,4,4,5,4,4,4,5,5,3,5,,4,4,5,5,5,5,5,5,4,5,4,4,5,2,4,5,4,4,5,4,5,3,4,4,4,4,4,3,4,4,4,5,4,4,4,3,4,4,0,50,5,1,1,10000
23-06-25 8:52,2,1,16,,,,,,,,8.5,8.5,8.5,,5,0,0,0,0,0,0,70,0,0,0,0,15,5,0,0,0,0,0,70,0,0,0,0,5,5,0,0,0,0,0,70,0,0,0,0,8.5,,,,,,,,,,,3,2,5,5,3,5,4,4,4,3,2,4,4,2,,,2,3,1,5,5,1,4,4,2,3,5,1,2,,2,3,5,5,5,4,4,5,4,5,4,5,5,4,5,4,3,4,5,5,5,1,4,1,4,2,2,1,1,5,1,3,3,3,4,2,2,2,1,40,5,,1,3500
27-06-25 11:56,2,1,3,,,,,,,,0,3.5,1.5,,5,33,0,0,0,0,0,0,0,0,0,0,5,5,0,0,0,0,0,0,52,0,0,0,5,15,0,0,0,0,0,0,0,0,0,0,8.5,,,,,,,,,,,4,4,5,5,4,2,4,5,4,3,2,3,5,4,,,2,3,2,3,3,2,5,5,3,4,5,2,4,,4,4,4,5,5,5,5,5,4,5,4,4,5,3,5,5,5,5,5,5,5,4,5,2,2,3,3,3,3,5,1,1,4,5,5,1,2,4,0,67,4,,5,3500
27-06-25 11:58,2,1,15,,,,,,,,5.5,5.5,3.5,,0,33,0,0,0,0,0,33,0,0,0,0,5,5,0,0,0,0,0,5,0,0,0,0,33,33,0,0,0,0,0,33,0,0,0,0,5.5,,,,,,,,,,,5,4,3,4,4,4,5,3,4,5,3,2,2,2,,,2,5,4,5,5,4,5,4,3,4,5,3,4,,3,3,4,5,5,5,5,5,5,5,5,5,5,5,5,5,5,5,5,5,5,5,5,5,4,3,4,2,3,5,1,2,4,2,4,3,3,3,0,30,4,,1,3500
27-06-25 12:01,2,1,13,,,,,,,,3.5,3.5,3.5,,5,15,0,0,0,0,0,0,0,0,0,0,33,33,0,0,0,0,0,0,0,0,0,0,70,70,0,0,0,0,0,0,0,0,0,0,8.5,,,,,,,,,,,5,5,5,5,5,5,5,5,5,5,5,3,3,3,,,5,5,5,3,3,4,5,5,5,3,5,5,5,,3,3,5,5,5,5,5,5,5,5,5,5,5,3,5,5,5,5,5,5,5,5,5,5,5,5,5,5,4,5,5,3,5,4,5,3,5,3,1,50,4,,1,2400
27-06-25 12:04,2,1,9,,,,,,,,8.5,3.5,5.5,,5,33,33,0,0,0,0,33,0,0,0,0,15,15,33,0,0,0,0,15,0,0,0,0,33,33,33,0,0,0,0,33,0,0,0,0,8.5,,,,,,,,,,,4,4,5,4,5,5,5,4,4,3,2,2,2,2,,,4,3,3,3,5,3,4,4,3,5,4,3,4,,3,4,4,5,5,5,5,5,5,5,5,5,5,5,5,4,4,5,5,5,5,3,5,3,3,4,2,2,2,5,2,4,2,5,5,2,2,2,1,50,4,,1,10000
27-06-25 12:13,2,1,22,,,,,,,,5.5,1.5,1.5,,5,33,0,0,0,0,0,0,0,0,0,0,15,15,0,0,0,0,0,0,0,0,0,0,0,33,0,0,0,0,0,0,0,0,0,0,1.5,5,1,4,2,1,4,1,1,2,,1,1,2,3,2,4,3,4,3,1,2,1,3,1,,2,,,,,,,,,,,,,,,,,,5,3,3,4,3,2,4,5,5,5,4,4,5,4,4,4,4,4,3,4,3,2,2,2,2,2,3,1,1,1,1,3,2,1,1,0,50,2,,1,5500
27-06-25 12:16,2,1,22,,,,,,,,1.5,3.5,1.5,,5,15,15,0,0,0,0,0,0,0,0,0,15,15,52,0,0,0,0,0,0,0,0,0,15,33,52,0,15,0,0,0,0,0,0,0,1.5,5,4,4,5,3,5,3,3,3,,1,2,1,1,1,1,1,5,3,2,1,1,1,1,,3,,,,,,,,,,,,,,,,,,4,3,3,2,2,3,3,2,3,4,2,3,2,2,3,3,3,3,3,3,3,3,3,3,3,3,3,2,2,2,2,1,2,2,2,0,50,4,,1,99
27-06-25 12:17,2,1,3,,,,,,,,3.5,5.5,5.5,,70,52,0,0,0,0,0,33,33,33,0,0,5,5,0,0,0,0,0,5,5,0,0,0,5,5,0,0,0,0,0,5,5,5,0,0,8.5,,,,,,,,,,,5,5,5,5,5,5,5,5,5,5,5,5,5,5,,,5,5,5,4,4,3,5,5,5,5,5,5,5,,3,3,5,5,5,5,5,5,3,5,5,5,5,5,5,4,5,5,5,5,5,5,5,4,4,4,4,4,4,5,5,5,5,5,5,4,5,5,1,30,4,,2,3500
27-06-25 12:19,2,1,16,,,,,,,,1.5,8.5,5.5,,33,33,52,0,0,0,0,0,0,0,0,0,33,33,33,0,0,0,0,0,0,0,0,0,70,33,33,0,0,0,0,0,0,0,0,0,5.5,,,,,,,,,,,2,4,3,2,5,2,2,3,4,3,3,3,4,3,,,4,5,3,4,4,4,5,4,3,2,4,2,2,,4,4,3,4,4,3,3,3,2,3,3,3,4,3,4,2,3,3,3,3,3,3,3,3,3,3,3,3,3,3,1,1,1,1,1,1,1,1,0,60,4,,2,99
27-06-25 12:22,2,1,22,,,,,,,,1.5,3.5,3.5,,15,33,0,0,0,0,0,33,0,0,0,0,15,33,0,0,0,0,0,33,0,0,0,0,15,33,0,0,0,0,0,33,0,0,0,0,3.5,4,4,3,3,2,2,2,1,2,,5,5,5,5,5,4,5,4,5,4,4,4,5,4,,5,,,,,,,,,,,,,,,,,,5,5,5,5,5,4,4,5,5,5,5,5,5,5,5,5,5,5,5,5,4,4,4,3,2,1,4,4,4,5,3,5,5,5,5,0,60,4,,5,2400
27-06-25 12:26,2,1,18,,,,,,,,5.5,3.5,5.5,,0,33,0,0,0,0,0,15,0,0,0,0,5,0,0,0,0,0,0,33,0,0,0,0,70,15,0,0,0,0,0,70,0,0,0,0,8.5,,,,,,,,,,,5,4,5,5,5,5,5,3,4,4,3,3,4,3,,,4,4,4,3,3,1,4,5,3,4,5,2,4,,4,4,5,5,5,5,5,3,4,5,3,4,4,4,4,4,3,4,3,4,3,2,4,3,2,2,2,2,2,3,2,2,4,2,4,2,4,4,0,60,5,,1,3500
27-06-25 12:30,2,1,16,,,,,,,,3.5,8.5,5.5,,0,33,0,0,0,0,0,15,15,0,0,0,5,15,0,0,0,0,0,5,5,0,0,0,15,33,70,0,0,0,0,33,33,0,0,0,5.5,,,,,,,,,,,4,3,5,5,3,3,3,3,5,3,2,1,5,3,,,5,5,5,5,3,3,5,5,1,5,5,3,4,,4,3,5,5,5,5,5,5,5,5,5,5,5,5,5,4,5,5,5,5,5,3,5,5,5,5,4,4,4,3,1,3,5,2,5,5,5,5,0,50,4,,1,5500
27-06-25 12:32,2,1,21,,,,,,,,5.5,1.5,1.5,,0,33,0,0,0,0,0,33,0,0,0,0,5,15,0,0,0,0,0,5,0,0,0,0,33,33,0,0,0,0,0,0,0,0,0,0,8.5,,,,,,,,,,,4,4,3,4,4,3,4,4,3,3,2,2,3,4,,,4,4,4,4,4,4,3,3,3,4,4,3,4,,4,4,4,5,5,5,5,5,5,5,5,5,5,3,5,5,5,5,5,5,5,5,5,5,5,5,5,5,5,5,1,4,4,3,4,2,4,3,0,50,4,,1,7000
27-06-25 12:38,2,1,11,,,,,,,,5.5,5.5,1.5,,0,33,15,0,0,0,0,0,0,0,0,0,5,0,0,0,0,0,0,0,0,0,0,0,0,52,52,0,0,0,0,0,0,0,0,0,1.5,5,2,5,5,3,4,1,1,1,,1,1,1,1,1,1,1,4,1,1,1,1,1,1,,1,,,,,,,,,,,,,,,,,,4,4,4,4,3,3,4,4,4,4,3,4,3,3,3,3,3,3,3,3,3,3,3,3,3,3,3,1,1,1,1,1,1,1,1,1,60,5,,1,7000
27-06-25 12:50,2,1,23,,,,,,,,3.5,1.5,3.5,,5,33,0,0,0,0,0,5,0,0,0,0,5,15,0,0,0,0,0,15,0,0,0,0,5,33,0,0,0,0,0,33,0,0,0,0,5.5,,,,,,,,,,,5,3,5,5,4,4,5,3,4,4,1,2,1,2,,,5,5,4,5,4,5,4,4,3,3,3,1,3,,1,2,5,5,5,5,5,5,4,5,3,3,4,5,5,4,3,5,4,5,4,1,5,1,1,1,1,1,1,3,1,1,5,4,5,1,4,1,1,40,4,,1,7000
27-06-25 12:57,2,1,13,,,,,,,,5.5,5.5,5.5,,70,33,0,0,0,0,0,70,0,0,0,0,5,15,15,0,0,0,0,0,5,0,0,0,5,33,33,0,0,0,0,0,0,0,0,0,3.5,5,4,4,2,1,3,3,1,1,,4,4,5,5,5,5,4,5,5,5,5,5,5,5,,5,,,,,,,,,,,,,,,,,,5,5,5,5,5,5,5,5,5,5,5,5,5,5,5,5,5,5,5,5,5,4,4,3,3,4,5,3,4,5,4,5,4,5,1,0,40,4,,1,5500
27-06-25 12:57,2,1,10,,,,,,,,1.5,1.5,1.5,,70,70,33,0,0,0,0,0,52,0,0,0,33,15,5,5,0,0,0,0,0,0,0,0,0,0,70,0,0,0,0,0,0,0,0,0,1.5,5,4,5,5,2,4,1,3,1,,2,5,5,2,2,1,1,5,1,1,1,1,1,1,,5,,,,,,,,,,,,,,,,,,3,3,1,5,3,3,4,3,3,5,5,5,1,5,5,5,5,5,1,5,3,3,2,2,2,2,1,1,1,5,1,1,1,2,1,0,40,4,,1,5500
27-06-25 13:07,2,1,22,,,,,,,,1.5,1.5,1.5,,5,15,0,0,0,0,0,33,33,0,0,0,15,33,0,0,0,0,0,52,52,0,0,0,33,33,0,0,0,0,0,52,52,0,0,0,8.5,,,,,,,,,,,5,3,5,3,2,5,5,1,5,1,1,3,5,3,,,5,5,5,3,3,1,5,5,3,3,5,1,1,,4,4,5,5,5,5,5,5,1,5,3,1,5,3,5,1,3,3,4,4,3,1,5,1,1,3,1,1,1,5,1,1,5,5,5,3,5,5,1,67,4,,5,2400
27-06-25 13:09,2,1,10,,,,,,,,5.5,1.5,1.5,,15,33,5,5,5,5,5,5,5,5,5,5,33,15,5,5,5,5,5,5,5,5,5,5,33,15,15,5,5,5,5,5,5,5,5,5,8.5,,,,,,,,,,,3,4,5,2,3,2,3,3,5,3,2,3,5,3,,,4,5,3,2,2,2,5,5,5,2,4,2,3,,4,5,5,5,4,4,3,4,4,5,3,3,5,3,3,3,3,4,5,5,5,3,5,2,4,4,4,2,2,3,2,2,5,2,2,4,2,3,0,60,2,,1,99
27-06-25 13:28,2,1,22,,,,,,,,0,8.5,8.5,,0,0,0,0,0,0,0,0,0,0,0,0,5,33,0,0,0,0,0,33,0,0,0,0,33,33,0,0,0,0,0,52,0,0,0,0,8.5,,,,,,,,,,,5,5,5,5,5,5,4,3,4,5,3,3,4,4,,,4,5,4,3,3,4,5,5,3,1,4,3,4,,4,3,4,5,5,5,5,4,5,5,5,5,5,3,4,5,5,5,5,5,5,5,5,4,4,4,3,2,2,4,2,3,4,3,5,3,3,3,0,67,4,,5,2400
27-06-25 13:30,1,1,2,,,,,,,,5.5,3.5,3.5,,15,33,0,0,0,0,0,0,0,0,0,0,5,15,0,0,0,0,0,0,0,0,0,0,33,15,0,0,0,0,0,0,0,0,0,0,8.5,,,,,,,,,,,4,1,1,3,3,4,5,5,4,3,1,3,3,4,,,4,1,5,2,2,2,4,5,3,4,4,5,4,,5,4,,5,5,5,5,5,2,5,4,5,4,1,4,5,3,5,5,5,5,5,5,4,4,5,4,4,2,4,1,1,1,1,1,2,1,1,1,60,2,4,2,3500
27-06-25 13:36,2,1,10,,,,,,,,5.5,1.5,1.5,,33,15,0,0,0,0,0,15,0,0,0,0,5,15,0,0,0,0,0,15,0,0,0,0,15,70,0,0,0,0,0,33,0,0,0,0,8.5,,,,,,,,,,,5,5,5,4,4,5,4,3,4,3,3,4,5,3,,,2,5,2,4,4,3,3,5,2,4,5,4,5,,3,4,5,5,5,5,5,5,4,5,5,5,5,3,5,4,4,5,5,5,4,4,5,3,4,4,4,3,4,5,2,2,5,2,5,3,3,4,0,30,4,,1,4500
27-06-25 13:37,2,1,16,,,,,,,,5.5,5.5,5.5,,5,33,0,0,0,0,0,33,0,0,0,0,5,33,0,0,0,0,0,33,0,0,0,0,15,33,0,0,0,0,0,33,0,0,0,0,8.5,,,,,,,,,,,5,4,3,3,5,5,5,5,5,4,2,3,3,4,,,4,2,3,3,4,2,4,4,3,5,4,2,2,,3,3,5,5,5,5,5,5,4,5,3,4,5,4,4,4,4,4,4,5,5,4,5,3,3,4,4,3,3,4,4,4,4,4,5,4,5,4,1,40,4,,1,2400
27-06-25 13:47,2,1,4,,,,,,,,1.5,5.5,3.5,,5,33,0,0,0,0,0,0,0,0,0,0,15,15,0,0,0,0,0,0,0,0,0,0,5,15,0,0,0,0,0,0,0,0,0,0,5.5,,,,,,,,,,,5,3,4,5,5,4,4,4,5,4,4,3,5,4,,,2,2,2,3,3,2,5,5,3,2,4,4,5,,3,3,5,5,5,5,5,5,5,5,4,4,5,4,5,5,4,5,5,5,5,4,5,3,3,3,3,2,2,4,3,4,4,2,4,2,4,5,0,75,4,,2,3500
27-06-25 13:49,2,1,3,,,,,,,,5.5,3.5,3.5,,15,33,0,0,0,0,0,0,0,0,0,0,15,33,0,0,0,0,0,15,0,0,0,0,15,33,0,0,0,0,0,0,0,0,0,0,8.5,,,,,,,,,,,4,4,4,4,4,4,4,4,4,4,3,4,4,4,,,4,4,4,3,3,4,4,4,3,3,4,3,4,,4,4,4,3,4,4,4,4,4,4,4,4,4,3,4,4,4,4,4,4,4,3,4,3,3,4,4,3,3,4,3,3,4,3,4,3,4,3,0,60,4,,1,2400
27-06-25 13:58,2,1,22,,,,,,,,5.5,1.5,3.5,,70,33,33,0,0,0,0,33,0,0,0,0,15,5,5,0,0,0,0,5,0,0,0,0,15,15,0,0,0,0,0,33,0,0,0,0,5.5,,,,,,,,,,,5,4,5,5,5,5,5,5,5,5,3,5,5,5,,,4,5,2,5,5,4,3,3,3,5,5,1,5,,3,4,,5,5,5,5,5,3,5,3,2,4,3,5,3,3,4,4,5,4,3,5,4,2,3,3,2,3,3,5,4,5,5,5,5,5,5,1,21,3,,6,
27-06-25 14:00,2,1,2,,,,,,,,5.5,3.5,3.5,,5,15,0,0,0,0,0,33,15,33,0,0,5,15,0,0,0,0,0,5,5,5,0,0,5,33,52,0,0,0,0,33,33,33,0,0,8.5,,,,,,,,,,,5,3,3,3,3,5,5,5,5,5,3,3,3,3,,,4,2,4,5,5,5,5,4,3,4,5,3,4,,4,3,2,5,5,5,4,3,3,5,5,4,5,2,3,3,3,3,5,5,5,4,5,5,4,3,5,3,3,4,1,1,1,1,5,1,3,1,0,60,4,,1,10000
27-06-25 14:21,2,1,22,,,,,,,,3.5,3.5,1.5,,5,33,0,0,0,0,0,0,0,0,0,0,0,0,5,0,0,0,0,0,0,0,0,0,5,15,0,0,0,0,0,0,0,0,0,0,8.5,,,,,,,,,,,2,4,4,4,4,4,3,5,5,2,2,1,2,2,,,4,3,4,5,5,3,4,4,4,3,4,1,1,,3,4,3,5,5,4,3,4,2,4,4,4,4,1,4,2,2,2,4,4,4,1,4,1,3,1,3,2,3,1,1,1,4,1,3,1,4,1,0,50,4,,1,7000
27-06-25 14:25,2,1,13,,,,,,,,3.5,5.5,3.5,,5,33,0,0,0,0,0,33,0,0,0,0,5,33,0,0,0,0,0,33,0,0,0,0,5,33,0,0,0,0,0,33,0,0,0,0,1.5,5,5,2,2,1,3,2,5,5,,5,4,5,5,5,5,3,5,5,5,3,4,5,4,,5,,,,,,,,,,,,,,,,,,5,5,5,5,5,5,5,5,5,5,5,5,5,5,5,5,5,5,5,5,3,3,2,1,1,2,3,3,4,5,5,5,3,5,5,0,60,3,,1,2400
27-06-25 14:34,2,1,10,,,,,,,,0,1.5,1.5,,0,0,0,0,0,0,0,0,0,0,0,0,15,33,15,0,0,0,0,0,0,0,0,0,0,33,33,0,0,0,0,70,0,0,0,0,1.5,4,4,4,4,1,4,1,4,1,,4,4,4,3,4,4,3,4,3,4,3,5,3,3,,3,,,,,,,,,,,,,,,,,,5,4,3,4,3,2,5,4,4,4,4,4,4,4,4,4,4,4,4,4,3,3,3,3,3,3,4,3,3,4,2,3,3,3,3,1,60,3,,5,3500
27-06-25 16:17,2,1,11,,,,,,,,5.5,3.5,3.5,,33,70,15,0,0,0,0,0,0,0,0,0,52,15,5,0,0,0,0,0,0,0,0,0,52,33,70,0,0,0,0,0,0,0,0,0,5.5,,,,,,,,,,,2,3,4,4,5,3,2,4,4,4,2,2,3,3,,,4,4,3,5,4,4,4,5,3,3,4,3,3,,4,4,3,5,5,3,4,2,3,5,5,3,5,2,5,4,3,4,4,4,4,2,4,2,3,2,3,2,2,2,2,2,2,1,1,1,4,1,0,60,3,,1,99
27-06-25 16:34,2,1,5,,,,,,,,3.5,3.5,1.5,,0,33,0,0,0,0,0,33,0,0,0,0,0,33,0,0,0,0,0,33,0,0,0,0,15,33,0,0,0,0,0,33,0,0,0,0,5.5,,,,,,,,,,,4,4,4,4,3,4,4,4,4,4,3,3,4,3,,,3,4,3,4,4,3,4,5,4,3,4,3,4,,4,4,,5,5,5,5,4,5,5,4,5,4,3,4,3,4,4,4,4,4,3,4,3,2,3,2,2,1,4,3,3,4,4,4,3,3,3,1,67,2,,2,2400
27-06-25 16:46,2,1,15,,,,,,,,5.5,8.5,8.5,,52,15,0,0,0,0,0,0,0,0,0,0,15,33,0,0,0,0,0,0,0,0,0,0,33,33,70,70,70,70,70,70,70,70,70,70,8.5,,,,,,,,,,,5,4,5,4,5,5,4,1,4,4,1,1,1,2,,,1,1,1,2,2,1,4,4,1,2,5,3,1,,4,4,4,5,5,5,5,5,1,1,5,5,5,4,5,5,5,5,5,5,5,2,5,1,1,1,1,1,1,5,1,1,4,1,5,1,1,1,0,60,4,,1,2400
27-06-25 18:06,2,1,1,,,,,,,,5.5,1.5,1.5,,33,33,15,0,0,0,0,0,15,0,0,0,5,33,15,0,0,0,0,0,15,0,0,0,70,5,33,0,0,0,0,0,5,0,0,0,5.5,,,,,,,,,,,3,3,3,3,3,3,2,3,3,3,1,1,1,1,,,1,2,1,4,4,1,3,1,3,3,2,2,1,,3,4,1,4,4,4,4,3,2,2,1,1,2,1,3,1,1,1,3,3,3,1,1,1,1,1,1,1,1,3,1,1,1,4,1,1,1,1,0,67,3,,1,99
27-06-25 20:45,2,1,3,,,,,,,,1.5,8.5,3.5,,0,0,0,0,0,0,0,33,0,0,0,0,15,33,0,0,0,0,0,70,0,0,0,0,15,33,52,0,0,0,0,70,0,0,0,0,5.5,,,,,,,,,,,5,5,5,4,3,5,5,3,4,4,2,2,2,2,,,3,4,4,4,4,3,5,5,4,4,5,2,4,,3,3,5,5,5,5,5,4,4,4,4,4,5,3,2,5,4,5,5,5,5,3,4,3,3,2,2,1,2,4,2,2,4,2,4,2,3,3,0,60,3,,1,4500
27-06-25 20:49,2,1,23,,,,,,,,5.5,5.5,8.5,,5,15,0,0,0,0,0,33,0,0,0,0,33,5,0,0,0,0,0,15,0,0,0,0,5,15,0,0,0,0,0,33,0,0,0,0,8.5,,,,,,,,,,,5,2,5,5,5,5,5,2,5,4,1,1,5,4,,,4,5,4,3,4,2,2,3,1,4,4,3,2,,2,3,5,5,5,5,5,5,4,5,4,4,5,3,4,3,4,4,5,5,5,4,5,4,3,3,2,2,2,5,2,3,5,1,5,2,4,4,0,30,2,,1,3500
27-06-25 20:58,2,1,19,,,,,,,,5.5,1.5,3.5,,15,33,0,0,0,0,0,0,0,0,0,0,15,15,5,0,0,0,0,0,0,0,0,0,5,5,5,0,0,0,0,0,0,0,0,0,8.5,,,,,,,,,,,1,1,1,3,2,4,2,5,5,3,4,3,5,3,,,5,5,5,5,5,5,5,5,5,4,5,3,4,,4,4,4,5,5,5,5,5,4,5,5,5,5,5,5,4,5,5,5,5,4,3,4,3,3,3,3,3,3,4,1,1,1,1,1,1,1,1,0,60,2,,1,2400
27-06-25 21:21,2,1,21,,,,,,,,5.5,3.5,5.5,,15,33,0,0,0,0,0,33,0,0,0,0,5,15,0,15,0,0,0,33,0,0,0,0,5,15,0,52,0,0,0,0,0,0,0,0,5.5,,,,,,,,,,,2,2,5,4,4,5,5,4,5,5,3,3,4,3,,,4,5,2,5,5,4,5,4,3,4,5,4,3,,4,4,5,5,5,5,5,3,4,5,5,3,5,3,5,4,3,4,5,5,5,5,5,3,2,4,2,1,2,5,3,3,4,1,5,1,4,1,0,50,4,,1,7000
27-06-25 21:44,2,1,10,,,,,,,,5.5,1.5,3.5,,5,33,0,0,0,0,0,0,0,0,0,0,15,33,0,0,0,0,0,0,0,0,0,0,33,52,0,0,33,15,0,0,0,0,0,0,3.5,5,3,5,5,2,5,1,1,1,,5,5,5,5,4,3,3,5,5,3,2,3,3,4,,5,,,,,,,,,,,,,,,,,,5,5,5,5,5,4,4,5,5,5,3,5,4,3,4,4,4,4,5,5,3,4,3,4,4,4,5,5,5,5,4,5,3,3,3,1,40,2,,1,4500
28-06-25 6:05,2,1,5,,,,,,,,3.5,1.5,5.5,,15,15,0,0,0,0,0,5,0,0,0,0,15,5,0,0,0,0,0,5,0,0,0,0,15,15,0,0,0,0,0,33,0,0,0,0,8.5,,,,,,,,,,,5,4,4,5,5,4,5,4,4,4,1,5,5,5,,,4,4,5,5,3,4,5,5,5,4,5,4,5,,3,4,,5,5,5,5,5,5,5,1,5,5,3,5,3,5,5,5,5,5,5,5,1,1,3,3,3,5,1,1,1,5,1,4,1,5,5,1,50,3,,3,1350
28-06-25 7:07,2,1,22,,,,,,,,8.5,3.5,5.5,,5,0,0,0,0,0,0,52,0,0,0,0,15,0,15,0,0,0,0,0,0,0,0,0,15,0,70,0,0,0,0,33,0,0,0,0,8.5,,,,,,,,,,,1,1,1,1,1,1,1,1,1,1,1,1,1,1,,,1,1,1,3,3,1,3,1,1,1,3,1,1,,4,4,1,4,3,1,1,3,2,1,1,1,5,1,3,1,1,1,5,5,1,1,1,1,1,1,1,1,1,1,1,1,1,1,1,1,1,1,1,50,4,,1,10000
28-06-25 7:58,2,1,22,,,,,,,,3.5,5.5,5.5,,15,33,5,5,5,5,5,33,5,5,5,5,15,15,15,5,5,5,5,15,5,5,5,5,15,33,15,5,5,5,5,15,5,5,5,5,3.5,5,2,4,4,2,3,1,1,1,,4,3,4,2,3,4,3,4,3,3,3,3,3,3,,5,,,,,,,,,,,,,,,,,,5,5,4,5,4,4,5,5,5,5,3,4,4,4,4,4,4,4,3,4,2,3,3,4,2,3,4,3,3,4,2,3,2,4,2,0,40,5,,1,5500
28-06-25 8:41,2,1,11,,,,,,,,8.5,5.5,5.5,,52,52,0,0,0,0,0,52,0,52,0,0,15,5,0,0,0,0,0,15,0,0,0,0,15,15,0,0,0,0,0,33,0,0,0,0,8.5,,,,,,,,,,,5,5,5,5,5,5,5,5,5,5,5,5,5,5,,,4,5,3,4,4,5,4,5,5,4,4,4,5,,2,3,4,5,5,5,5,5,5,5,5,5,5,5,5,5,5,5,5,5,5,5,5,5,5,3,3,3,2,5,3,5,5,5,5,5,5,5,0,50,3,,1,99
28-06-25 9:04,2,1,20,,,,,,,,5.5,5.5,5.5,,52,15,0,0,0,0,0,33,33,0,0,0,5,15,0,0,0,0,0,15,15,0,0,0,15,33,0,0,0,0,0,33,33,0,0,0,5.5,,,,,,,,,,,5,4,4,5,5,5,5,5,4,5,3,4,3,4,,,3,2,2,4,4,4,5,5,4,5,5,2,3,,3,3,3,5,5,5,5,5,5,5,5,4,5,4,5,5,5,5,5,5,5,5,5,2,2,4,2,3,2,5,2,4,4,5,5,5,4,4,0,30,4,,4,4500
28-06-25 11:10,2,1,23,,,,,,,,0,5.5,3.5,,0,0,0,0,0,0,0,0,0,0,0,0,15,52,0,33,0,0,0,0,15,0,0,0,15,52,0,70,0,0,0,0,33,0,0,0,3.5,4,4,3,5,2,3,3,5,2,,3,4,5,5,5,3,4,5,5,5,4,3,3,3,,4,,,,,,,,,,,,,,,,,,5,5,4,4,4,3,4,3,3,4,3,4,3,4,4,4,4,4,3,4,3,3,3,2,2,2,4,2,3,5,4,4,3,4,3,0,67,3,,5,3500
28-06-25 11:13,2,1,23,,,,,,,,0,5.5,5.5,,0,0,0,0,0,0,0,0,0,0,0,0,15,15,33,0,0,0,0,0,0,0,0,0,33,33,52,0,0,0,0,0,0,0,0,0,3.5,5,5,5,5,1,5,2,2,3,,5,5,5,5,5,5,5,5,5,4,2,3,4,3,,5,,,,,,,,,,,,,,,,,,5,5,5,5,5,5,5,5,5,5,3,5,4,4,4,4,4,4,1,2,1,1,1,5,1,2,1,5,1,5,2,5,4,5,4,0,40,4,,,2400
28-06-25 11:42,2,1,2,,,,,,,,0,3.5,0,,0,0,0,0,0,0,0,0,0,0,0,0,5,15,0,0,0,0,0,0,0,0,0,0,5,15,52,0,0,0,0,0,0,0,0,0,8.5,,,,,,,,,,,3,3,4,3,5,4,3,3,2,4,1,1,3,5,,,2,4,1,4,3,1,4,4,3,2,4,1,1,,3,3,4,5,5,5,5,4,4,5,3,3,5,3,5,3,3,3,5,4,4,3,4,1,2,1,1,1,1,1,1,2,2,1,4,1,1,1,1,67,4,,5,99
28-06-25 15:36,2,1,22,,,,,,,,0,8.5,8.5,,0,0,0,0,0,0,0,0,0,0,0,0,33,15,5,0,0,0,0,5,0,0,0,0,0,70,52,0,0,0,0,52,0,0,0,0,5.5,,,,,,,,,,,5,4,5,5,4,5,5,5,4,5,4,5,5,5,,,4,5,4,3,3,3,5,5,4,4,5,4,4,,3,3,4,5,5,5,5,5,5,5,5,3,5,3,5,4,5,5,5,5,5,3,5,4,4,3,3,3,3,4,2,5,5,3,5,3,3,3,1,67,3,,5,2400
29-06-25 10:13,2,1,16,,,,,,,,8.5,3.5,3.5,,5,0,0,0,0,0,0,33,0,0,0,0,5,0,0,0,0,0,0,33,0,0,0,0,5,0,0,0,0,0,0,33,0,0,0,0,8.5,,,,,,,,,,,4,4,5,4,4,5,5,5,4,5,4,2,3,3,,,3,5,3,4,4,3,4,4,5,5,5,5,4,,4,4,5,5,5,5,5,5,4,4,4,4,5,3,5,4,4,4,5,5,5,4,5,3,3,3,3,3,2,2,5,3,5,4,5,4,2,2,0,40,3,,1,1350
29-06-25 11:17,2,1,3,,,,,,,,3.5,8.5,5.5,,0,33,0,0,0,0,0,0,0,0,0,0,15,33,0,0,0,0,0,0,0,0,0,0,70,33,0,0,0,0,0,0,0,0,0,0,5.5,,,,,,,,,,,5,5,4,5,4,5,5,5,5,5,3,3,5,3,,,5,5,5,3,3,3,5,5,5,4,5,5,5,,4,3,5,5,5,5,5,5,5,5,5,5,5,5,5,4,5,5,5,5,5,5,5,3,3,3,3,3,2,5,3,4,5,5,5,4,4,5,0,60,2,,5,4500
29-06-25 14:36,2,1,12,,,,,,,,3.5,3.5,5.5,,5,15,0,0,0,0,0,33,0,0,0,0,5,15,0,0,0,0,0,15,0,0,0,0,15,15,0,0,0,0,0,33,0,0,0,0,3.5,5,4,3,4,3,3,3,2,3,,5,5,5,5,5,5,5,5,5,5,3,3,3,3,,5,,,,,,,,,,,,,,,,,,5,5,4,5,5,3,5,5,4,5,3,4,5,4,5,5,5,5,4,5,4,4,4,3,3,3,3,2,3,5,1,5,3,5,3,0,30,4,,3,
29-06-25 15:07,2,1,3,,,,,,,,5.5,3.5,5.5,,33,33,0,0,0,0,0,15,0,15,0,0,5,5,0,0,0,0,0,5,0,5,0,0,15,15,0,0,0,0,0,15,0,15,0,0,3.5,4,5,3,5,1,5,3,4,1,,5,5,5,5,5,5,5,5,5,5,3,2,2,2,,5,,,,,,,,,,,,,,,,,,5,5,5,5,5,2,5,5,4,5,1,5,3,4,4,5,5,5,4,5,4,5,4,4,3,3,3,2,2,4,3,5,3,4,3,0,40,4,,1,7000
29-06-25 15:12,2,1,17,,,,,,,,1.5,1.5,3.5,,33,15,0,0,0,0,0,15,0,0,0,0,5,5,0,0,0,0,0,5,0,0,0,0,15,33,0,0,0,0,0,33,0,0,0,0,3.5,4,3,2,3,2,4,2,2,1,,4,3,4,5,3,4,4,4,5,4,2,2,3,4,,5,,,,,,,,,,,,,,,,,,5,5,5,5,4,5,5,5,5,5,4,5,4,3,4,5,5,4,3,5,2,3,2,2,2,1,3,2,4,4,2,5,2,4,2,1,30,4,,3,1350
29-06-25 16:33,2,1,21,,,,,,,,5.5,1.5,1.5,,15,52,0,0,0,0,0,0,0,0,0,0,5,0,0,0,0,0,0,33,0,0,0,0,5,33,0,0,0,0,0,33,0,0,0,0,1.5,3,3,2,4,2,3,1,3,5,,3,3,4,2,2,3,1,3,4,4,3,3,5,4,,3,,,,,,,,,,,,,,,,,,4,4,5,5,5,2,4,4,5,5,4,4,4,5,5,5,4,5,3,4,3,3,3,2,2,3,4,3,4,4,3,3,3,3,3,1,40,2,,3,99
29-06-25 21:35,2,1,19,,,,,,,,0,1.5,1.5,,0,0,0,0,0,0,0,0,0,0,0,0,5,0,0,0,0,0,0,15,0,15,0,0,52,0,15,0,0,0,0,33,0,0,0,0,3.5,5,3,4,5,4,2,1,2,1,,5,3,4,5,5,4,5,5,4,2,3,2,3,1,,5,,,,,,,,,,,,,,,,,,5,5,5,5,5,5,5,5,5,5,4,5,5,4,5,5,5,5,4,5,2,4,4,4,1,3,5,2,1,4,5,5,3,3,1,1,67,4,,5,4500
30-06-25 9:05,2,1,7,,,,,,,,5.5,8.5,8.5,,5,5,0,0,0,0,0,15,0,0,0,0,5,5,0,0,0,0,0,5,0,0,0,0,5,15,15,0,0,0,0,5,0,0,0,0,8.5,,,,,,,,,,,5,5,5,3,5,5,5,3,4,5,3,3,3,4,,,3,5,3,5,5,4,4,5,2,5,5,5,5,,5,4,,5,5,5,5,5,5,5,5,4,5,4,5,5,5,5,5,5,5,5,5,5,3,3,3,2,2,3,1,2,4,3,4,4,2,2,0,50,4,,1,5500
30-06-25 10:30,1,1,4,,,,,,,,3.5,3.5,3.5,,15,15,0,0,0,0,0,33,0,0,0,0,5,15,0,0,0,0,0,0,0,0,0,0,15,5,0,0,0,0,0,0,0,0,0,0,5.5,,,,,,,,,,,5,4,5,5,5,4,4,5,4,4,4,3,3,3,,,4,5,4,3,3,4,5,5,3,3,5,2,4,,5,4,5,5,5,5,5,5,5,5,5,5,5,5,5,5,5,5,5,5,5,3,5,4,5,4,5,4,4,5,3,3,5,4,4,4,5,4,1,30,4,2,1,7000
30-06-25 10:47,2,1,10,,,,,,,,5.5,1.5,5.5,,15,5,0,0,0,0,0,5,0,0,0,0,5,0,0,0,0,0,0,5,0,0,0,0,5,5,0,0,0,0,0,5,0,0,0,0,8.5,,,,,,,,,,,4,5,5,5,4,5,5,3,4,4,3,3,5,3,,,2,4,3,5,5,2,4,5,5,5,3,3,4,,3,4,5,5,5,5,5,5,5,5,5,4,4,4,5,3,5,5,4,4,4,4,5,4,3,3,2,3,2,3,3,4,5,3,5,3,3,3,1,30,4,,1,4500
30-06-25 11:03,2,1,19,,,,,,,,3.5,8.5,3.5,,0,33,0,0,0,0,0,33,0,0,0,0,5,5,5,0,0,0,0,5,0,0,0,0,33,15,0,0,0,0,0,15,0,0,0,0,8.5,,,,,,,,,,,5,3,5,5,4,4,5,4,5,3,3,3,3,3,,,5,5,4,3,3,4,4,3,2,5,5,3,3,,3,3,5,5,5,5,4,5,4,5,4,1,5,4,3,3,3,3,5,5,5,5,5,5,3,3,2,2,2,5,2,2,5,5,5,3,4,3,1,40,4,,1,3500
30-06-25 12:10,2,1,2,,,,,,,,3.5,5.5,8.5,,33,15,0,0,0,0,0,15,15,0,0,0,5,33,0,0,0,0,0,15,33,0,0,0,5,33,0,70,0,0,0,33,33,0,0,0,8.5,,,,,,,,,,,5,5,5,5,5,5,4,4,5,5,3,4,4,4,,,4,5,3,3,3,2,4,5,1,5,4,3,3,,4,3,5,5,5,3,3,5,3,5,3,3,5,5,5,3,3,3,4,4,3,3,4,3,3,3,3,3,3,5,1,4,5,1,5,3,4,3,0,40,4,,1,99
30-06-25 12:38,2,1,23,,,,,,,,5.5,3.5,3.5,,5,15,0,0,0,0,0,5,0,0,0,0,5,0,15,0,0,0,0,15,0,0,0,0,5,52,70,0,0,0,0,33,0,0,0,0,8.5,,,,,,,,,,,3,3,4,3,3,3,2,5,3,3,2,3,3,2,,,2,3,1,5,5,5,3,2,2,4,3,3,2,,2,3,4,4,3,3,4,4,2,3,2,2,4,3,3,3,2,3,4,4,3,4,4,4,4,4,3,3,3,3,2,2,4,3,4,3,3,3,1,40,3,,1,2400
30-06-25 15:51,2,1,3,,,,,,,,5.5,8.5,8.5,,15,33,0,0,0,0,0,5,5,0,0,0,5,15,0,0,0,0,0,5,5,0,0,0,15,33,0,0,0,0,0,5,5,0,0,0,8.5,,,,,,,,,,,2,5,5,5,5,3,4,4,4,4,1,1,4,4,,,4,4,4,5,5,5,4,4,1,4,4,2,3,,1,4,5,5,5,2,4,4,1,2,4,3,5,3,4,3,3,4,5,5,5,5,5,2,4,4,4,2,2,4,2,4,5,3,5,5,5,5,0,30,4,,1,7000
01-07-25 6:52,2,1,11,,,,,,,,3.5,5.5,1.5,,5,0,0,33,0,0,0,0,0,0,0,0,5,0,0,5,0,0,0,0,0,0,0,0,70,52,0,70,0,0,0,15,0,0,0,0,1.5,5,4,4,4,1,4,2,2,2,,2,2,4,5,4,5,5,5,5,2,2,2,5,2,,4,,,,,,,,,,,,,,,,,,5,5,5,5,5,5,5,5,5,5,5,5,5,5,5,5,5,5,5,5,5,5,2,1,2,2,4,2,2,5,5,5,4,2,2,1,40,2,,1,7000
01-07-25 8:34,2,1,7,,,,,,,,5.5,5.5,3.5,,15,0,0,0,0,0,0,0,0,0,0,0,15,0,0,0,0,0,0,0,0,0,0,0,33,33,0,0,0,0,0,0,0,0,0,0,8.5,,,,,,,,,,,5,3,3,5,5,2,5,3,5,3,3,3,5,3,,,5,3,4,3,3,2,5,5,3,2,5,3,5,,3,4,5,5,5,5,5,5,4,5,5,4,5,4,4,4,5,5,5,5,5,3,5,3,4,3,3,3,3,4,3,3,3,4,5,2,5,5,0,30,4,,1,7000
01-07-25 8:48,1,1,3,,,,,,,,3.5,3.5,3.5,,0,0,33,0,0,0,0,52,0,0,0,0,5,5,0,0,0,0,0,0,0,0,0,0,0,33,0,0,0,0,0,70,0,0,0,0,8.5,,,,,,,,,,,4,3,5,5,4,5,5,3,3,3,2,2,5,2,,,3,5,4,4,5,1,5,4,3,2,5,4,4,,1,1,5,5,5,4,5,5,1,5,3,1,5,5,3,1,3,4,5,5,5,2,5,1,1,1,3,1,1,5,1,1,5,3,5,3,3,3,1,30,4,2,1,3500
01-07-25 9:24,2,1,17,,,,,,,,8.5,3.5,3.5,,15,33,0,0,0,0,0,0,33,0,0,0,15,15,0,0,0,0,0,0,5,0,0,0,52,70,0,0,0,0,0,0,15,0,0,0,5.5,,,,,,,,,,,3,4,4,3,4,3,5,3,4,4,3,3,3,3,,,4,4,4,3,3,2,4,4,2,4,4,2,2,,3,4,,5,5,4,5,4,3,4,4,2,5,2,3,4,4,4,4,4,4,3,4,3,3,3,3,3,3,4,3,2,3,3,3,3,3,3,1,60,4,,1,99
01-07-25 9:25,1,1,10,,,,,,,,3.5,3.5,3.5,,5,15,0,0,0,0,0,5,15,0,0,0,15,0,0,0,0,0,0,0,0,0,0,0,15,33,0,0,0,0,0,0,0,0,0,0,3.5,4,5,4,1,4,1,2,5,4,,4,3,5,5,4,4,5,4,5,5,4,3,4,4,,5,,,,,,,,,,,,,,,,,,5,5,5,5,5,4,4,5,3,4,4,2,4,5,5,5,5,5,4,5,4,4,3,4,2,2,5,4,4,5,4,5,3,5,4,0,30,4,2,1,1350
01-07-25 11:08,2,1,3,,,,,,,,5.5,1.5,3.5,,15,15,15,0,0,0,0,15,0,0,0,0,15,5,33,0,0,0,0,5,0,0,0,0,5,33,33,0,0,0,0,15,0,0,0,0,5.5,,,,,,,,,,,3,3,5,3,3,2,3,3,4,4,4,2,3,4,,,4,4,3,5,5,1,3,4,4,5,3,2,4,,4,4,2,5,5,5,5,5,4,5,2,4,4,4,5,3,4,4,4,4,2,2,4,2,2,2,2,2,2,4,4,3,4,4,3,2,4,4,1,50,4,,1,10000
01-07-25 11:14,2,2,,,5,,,,,,0,8.5,8.5,,15,33,0,0,0,0,0,0,0,0,0,0,15,33,0,0,0,0,0,0,0,0,0,0,33,33,0,0,0,0,0,0,0,0,0,0,8.5,,,,,,,,,,,3,4,3,3,5,3,1,5,4,3,3,5,5,5,,,4,5,4,3,3,5,4,5,4,4,4,4,3,,2,2,3,3,3,3,4,3,1,4,3,3,4,3,3,3,3,3,3,3,3,3,3,3,3,3,3,3,3,3,3,3,4,3,3,3,3,3,1,67,4,,5,3500
02-07-25 8:56,2,1,3,,,,,,,,5.5,3.5,3.5,,15,70,0,0,0,0,0,0,0,0,0,0,5,33,0,0,0,0,0,0,0,0,0,0,5,15,0,0,0,0,0,0,0,0,0,0,3.5,5,5,4,3,1,1,1,1,1,,5,4,5,5,4,5,5,3,4,3,3,3,3,4,,4,,,,,,,,,,,,,,,,,,5,5,5,5,5,5,5,5,5,5,4,5,5,5,5,3,4,4,3,5,2,2,2,2,2,2,5,3,3,5,1,5,5,4,3,0,30,4,,1,3500
02-07-25 9:16,2,3,,,,,,,,,1.5,8.5,5.5,,5,33,0,0,0,0,0,0,0,0,0,0,5,15,0,0,0,0,0,0,0,0,0,0,15,33,0,0,0,0,0,0,0,0,0,0,8.5,,,,,,,,,,,5,5,5,5,4,5,5,4,4,4,2,3,3,3,,,4,5,4,4,4,4,3,5,5,5,3,3,5,,2,2,5,5,5,5,5,5,5,5,5,5,4,4,5,5,5,5,4,4,4,3,5,3,2,2,2,2,2,5,3,4,5,2,5,3,4,3,0,30,4,,1,3500
02-07-25 10:09,2,1,22,,,,,,,,5.5,1.5,3.5,,70,33,15,15,15,15,15,33,33,33,15,33,5,5,5,5,5,5,5,5,5,5,5,5,33,15,5,5,5,5,5,15,15,15,5,15,3.5,5,4,5,4,3,4,1,2,1,,5,4,5,4,4,3,4,4,5,3,3,4,2,2,,5,,,,,,,,,,,,,,,,,,5,5,4,5,5,3,5,5,4,5,4,3,3,5,5,5,5,5,4,5,3,4,3,2,2,2,5,3,4,5,5,5,5,5,4,1,21,2,,1,1350
02-07-25 10:39,1,3,,,,,,,,,1.5,3.5,3.5,,15,15,15,0,15,0,0,0,0,0,0,0,15,33,33,0,33,0,0,0,0,0,0,0,33,33,33,0,33,0,0,0,0,0,0,0,8.5,,,,,,,,,,,4,5,4,4,5,3,3,4,4,4,4,5,5,4,,,3,4,4,3,4,4,5,5,5,5,5,5,5,,3,3,5,4,4,4,5,4,4,4,4,4,5,4,5,4,5,4,5,5,5,5,5,4,3,3,4,3,2,4,3,4,4,4,4,4,4,4,0,60,3,3,2,99
02-07-25 11:00,2,1,16,,,,,,,,3.5,1.5,3.5,,15,33,0,0,0,0,0,33,0,15,0,0,5,15,0,0,0,0,0,15,0,15,0,0,15,33,0,0,0,5,0,33,0,15,0,0,8.5,,,,,,,,,,,4,3,5,4,3,4,3,4,5,5,4,3,4,5,,,3,4,3,4,5,2,4,5,3,4,5,2,4,,3,4,3,5,4,5,5,3,4,4,5,3,5,4,4,5,4,5,5,5,4,2,5,3,3,2,3,1,3,5,3,4,4,3,4,4,3,5,1,40,4,,1,1350
02-07-25 20:22,2,1,7,,,,,,,,8.5,3.5,1.5,,0,33,0,0,0,0,0,0,0,0,0,0,0,15,0,0,0,0,0,0,0,0,0,0,15,33,33,33,33,33,33,33,33,33,33,33,0,5,1,4,4,5,3,1,1,1,,2,2,2,2,4,2,2,5,5,5,5,5,5,5,,5,,,,,,,,,,,,,,,,,,4,5,3,3,3,2,4,3,3,4,1,4,4,4,4,4,4,4,3,4,3,3,2,2,2,3,3,3,3,3,3,3,3,4,2,0,40,2,,1,99
03-07-25 0:02,2,1,14,,,,,,,,1.5,1.5,3.5,,15,33,0,0,0,0,0,0,0,0,0,0,15,33,0,0,0,0,0,0,0,0,0,0,15,33,0,0,0,0,0,0,0,0,0,0,3.5,2,3,3,2,1,3,3,2,4,,4,3,4,3,3,2,3,4,5,4,2,4,4,4,,5,,,,,,,,,,,,,,,,,,5,5,5,5,5,4,5,5,4,5,3,5,2,2,3,4,4,4,4,5,2,2,3,1,2,2,3,3,4,4,3,4,4,5,4,0,67,2,,5,2400
03-07-25 11:48,1,1,3,,,,,,,,3.5,3.5,3.5,,5,33,0,0,0,0,0,33,0,0,0,0,5,0,0,0,0,0,0,15,0,0,0,0,15,0,0,0,0,0,0,33,0,0,0,0,8.5,,,,,,,,,,,4,4,4,4,3,4,4,3,4,3,3,3,4,3,,,4,4,2,4,5,3,5,5,3,5,5,3,4,,3,3,5,5,5,5,5,5,4,5,4,3,4,4,4,4,4,4,4,4,4,3,4,3,3,3,3,3,3,5,4,4,4,4,4,3,3,4,0,30,5,3,1,7000
03-07-25 15:30,2,1,15,,,,,,,,3.5,1.5,3.5,,0,33,0,0,0,0,0,15,0,0,0,0,5,33,0,0,0,0,0,33,0,0,0,0,0,15,0,15,0,0,0,15,0,0,0,0,5.5,,,,,,,,,,,3,4,5,3,1,2,2,3,3,3,2,1,3,3,,,4,4,3,3,5,1,4,4,4,4,4,2,2,,4,4,2,5,4,5,3,3,4,4,4,1,4,3,5,4,3,4,4,4,4,1,4,1,2,1,2,1,1,5,1,4,4,2,4,4,3,2,1,50,4,,1,2400
06-07-25 14:00,2,1,16,,,,,,,,3.5,8.5,3.5,,15,33,52,0,15,0,0,33,0,15,0,0,15,33,0,0,0,0,0,15,0,0,0,0,15,33,52,0,0,0,0,0,0,0,0,0,5.5,,,,,,,,,,,5,4,5,5,5,3,5,2,4,3,3,2,4,3,,,4,4,4,3,3,3,4,5,3,3,4,3,5,,4,3,5,5,5,4,5,5,4,5,4,4,4,3,4,5,5,5,4,4,4,4,4,3,3,3,3,3,3,4,3,3,5,4,5,3,3,3,1,75,4,,2,4500
07-07-25 9:30,2,1,9,,,,,,,,3.5,1.5,5.5,,33,15,0,0,0,0,0,15,0,0,0,0,15,15,0,0,0,0,0,5,0,0,0,0,5,5,0,0,0,0,0,5,0,0,0,0,8.5,,,,,,,,,,,5,5,3,5,5,5,5,3,5,4,2,2,5,4,,,5,3,5,5,5,5,5,5,5,5,5,4,5,,2,3,5,5,5,5,5,5,3,5,5,5,5,5,5,5,5,5,5,5,5,5,5,5,5,5,3,1,3,5,3,3,5,3,5,5,5,5,0,40,4,,1,2400
07-07-25 10:10,2,1,19,,,,,,,,3.5,3.5,3.5,,15,15,0,0,0,0,0,0,0,0,0,0,5,15,15,0,0,0,0,0,0,0,0,0,15,15,15,0,0,0,0,0,0,0,0,0,1.5,2,5,1,5,4,5,2,1,1,,2,4,4,3,2,2,2,3,3,3,1,2,2,4,,4,,,,,,,,,,,,,,,,,,5,5,4,2,5,4,4,3,4,4,2,4,3,3,3,5,5,4,2,4,4,4,2,1,1,1,2,4,4,5,3,3,5,4,3,0,60,4,,1,4500
07-07-25 13:34,2,1,2,,,,,,,,3.5,8.5,8.5,,5,15,0,0,0,0,0,15,0,0,0,0,15,15,0,0,0,0,0,15,0,0,0,0,52,33,0,0,0,0,0,33,0,0,0,0,5.5,,,,,,,,,,,5,5,5,5,5,5,5,5,5,5,4,4,4,2,,,5,5,4,2,2,4,5,4,3,3,5,3,1,,4,4,5,5,5,4,5,3,1,4,5,5,5,5,5,1,3,3,5,5,5,3,3,2,2,3,2,2,2,5,3,2,4,3,5,3,4,4,0,50,4,,1,99
07-07-25 16:53,2,1,2,,,,,,,,5.5,1.5,5.5,,0,70,0,0,0,0,0,70,0,0,0,0,33,33,0,0,0,0,0,15,0,0,0,0,33,33,0,0,0,0,0,15,0,0,0,0,1.5,5,5,5,3,5,4,4,5,1,,4,3,5,3,3,3,1,3,3,4,2,1,1,4,,5,,,,,,,,,,,,,,,,,,5,4,4,5,5,4,5,5,5,5,3,4,5,5,5,5,5,5,5,5,5,4,3,2,3,2,5,1,5,5,3,5,4,5,1,0,40,2,,1,99
08-07-25 11:54,1,3,,,,,,,,,5.5,8.5,1.5,,5,0,0,0,0,0,0,70,0,0,70,0,70,0,0,0,0,0,0,70,0,0,70,0,70,0,0,0,0,0,0,0,0,0,70,0,5.5,,,,,,,,,,,4,5,4,4,4,4,1,3,4,4,4,4,4,4,,,4,4,4,3,1,3,5,3,3,3,4,3,3,,3,3,4,4,5,5,5,5,4,4,4,5,4,5,5,4,4,4,4,4,4,4,4,5,4,4,4,4,4,4,3,4,4,4,4,5,4,4,1,40,5,6,1,600
08-07-25 12:00,1,3,,,,,,,,,5.5,5.5,3.5,,70,33,0,0,0,0,0,33,0,0,0,0,33,15,0,0,0,0,0,33,0,0,0,0,52,33,0,0,0,0,0,52,0,0,0,0,3.5,4,3,4,3,2,3,1,4,1,,3,4,4,4,4,4,3,5,5,5,2,4,3,4,,4,,,,,,,,,,,,,,,,,,4,4,3,4,5,2,4,3,3,5,4,3,3,4,3,4,4,4,4,4,2,2,2,2,2,3,4,2,2,4,3,4,2,4,4,0,40,5,2,1,3500
08-07-25 12:03,1,3,,,,,,,,,5.5,3.5,8.5,,70,5,0,0,0,0,0,0,0,0,0,0,33,15,0,0,33,0,0,0,0,0,0,0,52,52,0,0,52,0,0,0,0,0,0,0,8.5,,,,,,,,,,,3,3,3,5,3,3,1,4,5,3,3,3,3,3,,,4,4,4,2,2,3,4,4,4,4,5,2,1,,5,4,,5,5,5,3,4,4,5,4,4,5,5,2,4,4,4,5,5,5,2,5,2,2,2,2,2,2,5,3,3,3,3,3,3,5,5,0,40,5,2,1,5500
08-07-25 12:07,1,3,,,,,,,,,5.5,1.5,1.5,,33,33,0,0,0,0,0,0,0,0,0,0,5,0,0,0,0,0,0,0,0,0,0,0,15,52,0,0,0,0,0,0,0,0,0,0,5.5,,,,,,,,,,,4,5,5,4,5,3,2,3,4,5,4,5,5,5,,,5,5,4,4,3,3,5,3,4,5,5,4,4,,3,3,4,4,4,3,5,4,4,5,4,3,5,4,2,4,4,4,5,5,5,3,3,3,3,1,1,1,1,1,4,4,5,3,4,3,4,3,1,40,5,2,1,3500
08-07-25 12:10,1,3,,,,,,,,,8.5,8.5,3.5,,33,5,0,0,33,0,33,0,0,33,0,0,33,15,0,0,33,0,15,0,0,0,0,0,5,0,0,0,0,0,0,0,0,0,0,0,1.5,5,5,2,1,1,1,1,2,5,,2,5,5,5,3,5,5,5,4,4,5,5,5,5,,5,,,,,,,,,,,,,,,,,,5,5,3,4,3,1,5,3,4,4,4,4,3,5,5,5,5,3,5,3,5,2,1,1,1,1,3,5,5,5,5,5,5,5,5,1,40,5,3,3,600
08-07-25 12:13,2,3,,,,,,,,,1.5,3.5,3.5,,15,70,0,0,0,0,0,15,0,0,0,0,0,0,0,0,0,0,0,15,0,0,0,0,0,33,0,0,0,0,0,33,0,0,0,0,8.5,,,,,,,,,,,5,5,5,3,3,5,5,3,4,4,1,2,2,3,,,4,5,5,3,4,1,4,4,1,5,4,1,1,,1,2,5,5,5,5,5,5,3,5,3,5,5,4,3,4,5,4,5,5,5,1,5,1,1,1,1,1,1,5,1,2,5,1,5,1,4,4,1,50,5,,1,7000
08-07-25 12:18,1,3,,,,,,,,,3.5,1.5,3.5,,33,33,33,0,0,0,0,33,0,0,0,0,15,15,5,0,0,0,0,15,0,0,0,0,15,33,52,0,0,0,0,15,0,0,0,0,5.5,,,,,,,,,,,4,4,4,5,4,4,5,5,5,4,5,3,3,3,,,3,3,3,4,5,2,4,3,4,5,4,4,3,,4,4,4,4,4,4,4,5,4,4,4,4,4,3,4,4,4,4,5,5,5,4,4,3,3,3,3,3,2,2,2,2,3,5,4,3,3,3,1,40,5,4,1,5500
08-07-25 12:49,1,3,,,,,,,,,1.5,5.5,5.5,,33,52,0,0,0,0,0,33,0,0,0,0,33,0,0,0,0,0,0,33,0,0,0,0,33,0,0,0,0,0,0,33,0,0,0,0,8.5,,,,,,,,,,,5,4,5,5,5,3,5,3,4,4,3,4,3,3,,,4,5,4,3,3,2,4,3,4,4,4,2,3,,3,4,,5,5,5,5,5,2,5,5,5,5,5,5,4,4,4,5,5,4,3,5,2,2,4,4,2,4,4,2,2,5,4,5,2,4,4,0,40,5,2,3,2400
08-07-25 13:01,2,3,,,,,,,,,1.5,3.5,8.5,,0,70,0,0,0,0,0,33,0,0,0,0,5,0,0,0,0,0,0,15,0,0,0,0,5,33,0,0,0,0,0,33,0,15,0,0,8.5,,,,,,,,,,,3,4,5,5,4,5,4,4,5,3,3,2,3,3,,,5,4,5,3,4,1,4,5,4,5,3,3,3,,3,3,5,5,5,4,5,4,4,5,4,4,5,5,4,4,4,5,5,4,4,3,4,3,4,4,4,4,3,5,3,4,5,3,5,4,4,3,0,30,4,,1,3500
08-07-25 13:03,1,3,,,,,,,,,5.5,3.5,3.5,,5,0,0,0,0,0,0,0,33,0,0,0,5,0,0,0,0,0,0,0,15,0,0,0,5,70,0,0,0,0,0,0,33,0,0,0,8.5,,,,,,,,,,,3,5,5,3,3,4,3,3,3,5,3,3,3,3,,,2,4,3,4,5,2,3,4,4,5,4,2,3,,4,3,,5,5,5,5,4,4,5,5,4,4,3,4,3,5,4,4,4,4,2,3,2,2,2,3,3,2,5,3,3,3,3,3,3,3,3,0,30,5,1,1,99
08-07-25 13:27,1,3,,,,,,,,,3.5,3.5,3.5,,70,52,0,0,0,0,0,52,0,52,0,0,15,5,0,0,0,0,0,5,0,5,0,0,70,52,0,0,0,0,0,52,0,52,0,0,5.5,,,,,,,,,,,3,4,4,4,4,3,1,3,4,5,4,3,4,3,,,2,2,3,5,5,2,5,5,5,3,4,2,3,,4,4,4,5,5,5,3,3,2,5,3,1,5,5,3,2,4,4,5,5,5,3,4,4,3,4,4,3,2,4,4,2,3,3,4,2,3,3,0,40,5,2,2,1350
08-07-25 13:31,1,3,,,,,,,,,5.5,1.5,1.5,,5,0,0,0,0,0,0,0,0,0,0,0,15,0,0,0,0,0,0,0,0,0,0,0,33,15,0,0,0,0,0,0,0,0,0,0,5.5,,,,,,,,,,,3,4,5,4,3,3,3,4,4,4,2,2,3,2,,,2,4,2,5,5,2,3,5,5,5,4,2,1,,4,3,4,5,5,5,5,5,5,5,5,4,4,4,4,5,4,5,3,3,4,2,3,2,3,2,2,2,2,1,3,2,4,3,5,2,4,2,0,30,5,5,1,2400
08-07-25 15:07,1,3,,,,,,,,,3.5,3.5,3.5,,15,33,0,0,0,0,0,15,0,0,0,0,5,0,0,0,0,0,0,5,0,0,0,0,15,15,0,0,0,0,0,15,0,0,0,0,8.5,,,,,,,,,,,4,3,4,4,3,2,5,4,4,4,1,2,3,2,,,2,3,2,3,3,4,4,5,2,4,4,3,2,,4,4,,5,5,5,4,4,4,5,4,4,4,2,4,4,4,4,4,4,4,3,5,4,4,4,4,4,4,4,1,1,2,3,3,2,3,3,0,50,5,3,1,7000
08-07-25 15:33,1,3,,,,,,,,,5.5,5.5,1.5,,15,0,0,0,0,0,0,5,0,0,0,0,15,15,0,0,0,0,0,33,0,0,0,0,33,15,0,0,0,0,0,33,0,0,0,0,8.5,,,,,,,,,,,2,5,5,3,4,4,3,1,3,4,3,3,3,4,,,2,4,1,5,5,2,3,5,4,4,4,3,4,,4,2,4,5,5,5,5,3,4,5,3,4,4,3,3,4,3,4,4,4,3,2,4,1,4,4,4,3,2,3,1,2,5,3,5,3,3,3,0,30,4,2,1,4500
08-07-25 15:56,2,1,17,,,,,,,,3.5,5.5,3.5,,15,15,0,0,0,0,0,0,0,0,0,0,5,0,0,0,0,0,0,0,0,0,0,0,5,33,0,0,0,0,0,15,0,15,0,0,8.5,,,,,,,,,,,5,5,5,5,5,1,4,2,5,3,3,2,2,3,,,5,3,2,3,4,3,4,5,5,4,3,2,5,,4,4,5,5,5,3,4,5,2,5,4,2,4,4,5,3,4,3,4,4,4,2,5,1,1,1,1,1,1,2,1,3,5,1,5,1,3,3,1,30,4,,1,3500
08-07-25 16:03,1,3,,,,,,,,,5.5,1.5,3.5,,33,52,70,0,0,0,0,0,0,0,0,0,33,33,33,0,0,0,0,0,0,0,0,0,33,33,33,70,70,70,70,70,70,70,70,70,8.5,,,,,,,,,,,3,5,3,4,4,3,3,4,4,4,2,2,2,2,,,3,5,3,5,4,4,5,4,4,4,5,3,3,,3,2,5,5,5,4,4,5,4,4,4,4,5,4,4,3,3,4,5,5,5,4,5,3,3,3,4,3,3,3,4,4,2,3,3,3,3,3,1,50,5,3,1,600
08-07-25 17:59,2,3,,,,,,,,,3.5,5.5,5.5,,33,15,0,0,0,0,0,15,0,0,0,0,5,15,0,0,0,70,0,33,0,0,0,0,33,33,0,0,0,0,0,33,0,0,0,0,5.5,,,,,,,,,,,4,3,5,5,5,5,5,3,4,5,4,4,4,4,,,4,3,3,3,4,3,3,3,2,3,4,4,4,,4,4,5,5,5,5,5,5,4,5,5,3,5,4,5,4,4,4,5,5,5,5,5,3,3,3,3,3,3,5,3,3,3,3,3,3,3,3,0,60,5,,1,7000
08-07-25 18:06,1,3,,,,,,,,,5.5,5.5,5.5,,52,0,0,0,0,0,0,15,0,0,0,0,15,0,15,0,0,0,0,15,0,0,0,0,15,0,5,0,0,0,0,15,0,0,0,0,8.5,,,,,,,,,,,4,4,5,5,4,5,5,3,5,4,3,3,5,3,,,5,5,5,2,3,1,4,5,3,3,4,3,3,,4,2,4,5,5,5,5,5,5,5,5,3,5,5,3,5,4,5,5,5,5,3,5,3,2,2,2,2,2,4,2,3,5,3,4,3,5,5,0,40,4,2,1,4500
08-07-25 20:26,1,3,,,,,,,,,3.5,1.5,1.5,,0,0,0,0,33,0,0,0,0,0,0,0,15,0,0,0,0,0,0,0,0,0,0,0,15,0,0,0,33,0,0,0,0,0,0,0,1.5,2,2,4,3,1,3,3,2,1,,4,4,4,4,4,5,3,2,2,4,3,3,3,4,,3,,,,,,,,,,,,,,,,,,4,4,5,5,4,4,4,4,3,5,3,3,4,4,4,4,5,5,3,5,4,4,5,3,2,2,3,5,5,5,5,3,4,3,2,1,40,5,1,1,10000
09-07-25 10:35,1,3,,,,,,,,,3.5,3.5,3.5,,0,0,33,0,0,0,0,0,0,0,0,0,5,0,15,0,0,0,0,0,0,0,0,0,15,15,33,0,0,5,0,0,0,0,0,0,3.5,5,4,5,1,1,3,2,2,1,,3,4,5,4,1,3,4,4,4,3,4,1,2,1,,4,,,,,,,,,,,,,,,,,,5,5,4,5,5,4,5,5,5,4,4,5,5,2,4,4,5,5,4,5,5,3,2,1,2,1,3,3,2,5,5,5,4,3,2,1,50,5,3,1,2400
09-07-25 11:27,1,3,,,,,,,,,3.5,3.5,3.5,,5,15,0,0,0,0,0,15,0,0,0,0,5,0,0,0,0,0,0,15,0,0,0,0,33,0,0,0,0,0,0,33,0,0,0,0,8.5,,,,,,,,,,,4,4,5,5,5,3,3,3,4,4,3,3,3,3,,,3,4,3,2,2,1,4,3,3,4,4,3,4,,5,5,2,4,4,4,4,3,3,4,4,3,4,2,2,3,4,4,4,4,4,4,5,3,3,3,3,3,3,4,3,3,3,3,3,3,3,3,1,50,3,2,1,4500
09-07-25 11:49,2,1,3,,,,,,,,0,5.5,5.5,,70,52,0,0,0,0,0,0,0,0,0,0,70,52,0,0,0,0,0,0,0,0,0,0,70,52,0,0,0,0,0,0,0,0,0,0,5.5,,,,,,,,,,,5,5,5,5,5,5,5,5,5,5,5,4,5,4,,,4,5,5,3,3,4,5,5,5,3,5,5,3,,3,2,5,5,5,5,5,5,4,5,5,5,5,5,5,5,5,5,5,5,5,5,5,3,3,3,3,3,3,5,3,4,5,2,5,4,4,4,0,60,2,,2,4500
10-07-25 10:53,2,1,14,,,,,,,,3.5,5.5,5.5,,0,0,0,0,0,0,0,33,0,0,0,0,33,0,0,0,0,0,0,33,0,0,0,0,15,33,0,0,0,0,0,33,0,0,0,0,8.5,,,,,,,,,,,5,5,5,5,5,5,5,5,5,5,3,5,5,5,,,5,5,5,5,5,5,3,5,5,5,3,1,5,,3,3,,5,5,5,5,5,3,5,3,5,5,5,5,3,5,3,5,5,5,1,3,2,2,1,1,1,1,5,1,3,5,1,5,1,5,1,0,50,2,,1,2400
10-07-25 11:13,2,1,10,,,,,,,,5.5,3.5,3.5,,15,52,15,0,0,0,0,0,0,0,0,0,0,0,5,0,0,0,0,0,0,0,0,0,15,52,0,0,0,0,0,0,0,0,0,0,1.5,5,5,5,5,5,5,2,4,3,,3,3,3,3,4,2,2,4,3,4,3,2,3,2,,4,,,,,,,,,,,,,,,,,,5,5,4,4,5,5,5,5,2,4,3,5,5,5,5,5,5,1,1,5,1,1,1,1,1,3,1,1,3,5,1,3,3,3,3,0,60,4,,1,99
10-07-25 12:01,1,1,4,,,,,,,,3.5,1.5,1.5,,5,15,0,0,0,0,0,5,0,0,0,0,5,0,0,0,0,0,0,0,0,5,0,0,5,15,0,0,0,0,0,0,0,0,0,0,5.5,,,,,,,,,,,4,3,5,4,5,3,3,4,5,4,5,4,5,3,,,4,3,4,4,5,3,4,5,3,4,5,2,3,,5,3,5,5,5,4,5,5,4,5,5,4,5,5,5,4,5,5,4,4,4,2,4,3,3,2,3,2,3,4,4,2,4,4,4,2,5,5,0,30,4,2,1,7000
10-07-25 12:05,2,1,2,,,,,,,,5.5,5.5,8.5,,33,15,0,0,0,0,0,0,0,0,0,0,52,52,15,0,0,0,0,0,0,0,0,0,70,33,15,0,0,0,0,0,0,0,0,0,8.5,,,,,,,,,,,4,3,4,5,4,2,4,1,4,3,1,1,3,1,,,4,4,2,4,4,2,3,4,5,5,3,1,4,,3,4,4,5,5,5,4,4,4,5,4,4,4,5,5,4,4,4,4,4,4,1,4,2,1,1,1,1,1,5,1,1,4,4,5,1,3,4,1,40,2,,1,7000
10-07-25 12:11,2,1,16,,,,,,,,5.5,1.5,1.5,,5,15,15,0,0,0,0,33,15,0,0,0,15,5,5,0,0,0,0,5,5,0,0,0,52,52,15,0,0,0,0,15,15,0,0,0,8.5,,,,,,,,,,,4,5,5,5,3,5,3,3,4,4,3,2,2,1,,,4,4,2,4,4,4,4,4,4,4,4,2,3,,3,4,4,5,5,5,5,4,4,4,4,4,4,4,4,4,3,4,4,4,4,3,4,3,3,3,3,3,3,4,2,2,5,2,5,2,2,3,1,40,5,,1,5500
10-07-25 14:09,2,1,2,,,,,,,,5.5,3.5,3.5,,0,33,0,0,0,0,0,15,0,0,0,0,5,0,0,0,0,0,0,5,0,0,0,0,15,33,0,0,0,0,0,15,0,0,0,0,8.5,,,,,,,,,,,5,5,4,5,4,4,5,5,5,5,3,3,3,3,,,2,1,2,1,1,3,3,4,4,5,3,3,1,,4,4,5,5,5,5,5,5,3,5,3,5,4,3,5,3,3,3,3,3,3,3,3,3,2,2,2,2,2,5,2,4,5,3,5,2,3,2,1,50,4,,1,4500
10-07-25 14:34,2,1,7,,,,,,,,5.5,3.5,1.5,,0,33,0,0,0,0,0,0,0,0,0,0,15,15,0,0,0,0,0,0,0,0,0,0,15,15,52,0,0,0,0,0,0,0,0,0,5.5,,,,,,,,,,,4,1,5,5,4,3,5,3,4,3,2,2,2,2,,,4,2,4,5,5,4,3,3,3,5,3,4,3,,4,4,5,5,5,5,5,5,4,5,2,3,3,4,5,3,3,3,3,3,3,4,4,1,2,1,1,1,1,4,3,3,5,1,5,1,3,3,0,50,4,,1,2400
10-07-25 14:43,2,1,3,,,,,,,,3.5,5.5,1.5,,15,33,5,0,0,0,5,0,5,0,0,0,5,0,5,0,0,0,0,0,0,0,0,0,5,0,15,0,0,0,15,0,15,0,0,0,3.5,1,1,5,4,4,5,1,4,1,,1,4,2,1,4,1,1,5,4,3,1,4,3,3,,3,,,,,,,,,,,,,,,,,,2,2,1,2,1,1,2,3,1,4,4,1,1,4,4,4,4,4,2,2,3,3,2,2,1,2,1,1,2,2,1,1,1,1,1,1,50,3,,1,3500
10-07-25 14:55,2,1,9,,,,,,,,3.5,3.5,3.5,,33,33,5,5,5,15,5,5,5,15,5,5,5,5,5,5,5,5,5,5,5,5,5,5,33,33,15,15,15,15,15,15,15,15,15,15,5.5,,,,,,,,,,,5,5,5,5,3,4,5,4,5,5,3,3,4,4,,,4,5,4,3,3,4,4,5,3,5,5,4,4,,3,3,5,5,5,5,5,5,3,5,4,4,5,5,5,4,5,4,5,5,5,5,5,3,3,4,4,3,3,5,5,3,5,4,5,5,5,5,1,30,3,,6,1350
10-07-25 14:55,2,1,3,,,,,,,,5.5,8.5,8.5,,70,0,15,0,0,0,0,0,0,0,0,0,70,15,0,0,0,0,0,0,0,0,0,0,70,70,70,0,0,0,0,0,0,0,0,0,3.5,3,1,4,4,3,5,1,1,2,,1,5,1,2,3,1,1,4,2,1,1,3,4,3,,3,,,,,,,,,,,,,,,,,,4,1,1,2,2,1,1,1,2,4,4,2,1,1,1,5,5,5,1,1,1,1,1,1,1,1,3,1,1,2,1,1,1,1,2,0,40,3,,1,2400
10-07-25 15:15,2,1,6,,,,,,,,3.5,3.5,3.5,,33,33,0,0,0,0,0,5,0,0,0,0,5,0,0,0,0,0,0,0,0,0,0,0,15,33,0,0,0,0,0,15,0,0,0,0,8.5,,,,,,,,,,,4,4,5,5,4,4,2,2,2,2,2,2,2,2,,,3,2,2,4,4,3,5,5,5,5,5,3,4,,4,4,3,5,5,5,5,4,4,5,5,4,5,3,5,5,5,5,5,5,5,5,5,5,5,5,5,3,2,5,3,3,3,3,3,3,3,3,0,30,3,,6,1350
10-07-25 15:18,2,1,17,,,,,,,,3.5,1.5,1.5,,0,0,0,0,0,0,0,0,33,0,0,0,5,5,0,0,0,0,0,0,5,0,0,0,15,52,0,0,0,0,0,70,52,0,0,0,8.5,,,,,,,,,,,2,3,4,3,4,5,3,4,3,4,2,3,3,3,,,2,3,3,5,5,4,4,4,3,4,5,2,3,,3,3,,5,5,5,5,4,3,5,4,3,5,3,4,4,4,5,5,5,5,2,4,4,4,3,3,2,2,2,1,3,4,3,4,3,3,3,0,40,3,,1,5500
10-07-25 15:18,2,1,14,,,,,,,,5.5,5.5,3.5,,0,52,0,0,0,0,0,33,0,0,0,0,5,0,0,0,0,0,0,5,0,0,0,0,0,0,52,0,0,0,0,15,0,0,0,0,8.5,,,,,,,,,,,5,4,5,5,5,5,4,4,3,3,2,3,3,4,,,3,4,1,5,5,4,4,3,3,5,4,4,4,,3,3,,5,5,4,5,5,3,3,2,3,3,1,1,2,2,2,4,4,4,4,4,3,3,3,4,2,2,5,1,1,5,1,5,5,3,1,1,50,3,,1,3500
10-07-25 15:18,2,1,2,,,,,,,,1.5,1.5,5.5,,0,52,0,0,0,0,0,33,0,0,0,0,5,15,0,0,0,0,0,5,0,0,0,0,15,15,0,0,0,0,0,33,0,0,0,0,8.5,,,,,,,,,,,5,5,5,5,5,5,5,4,5,4,2,3,5,4,,,4,4,4,3,5,3,4,5,4,5,5,3,5,,4,4,,5,5,5,5,5,4,5,5,3,5,4,5,5,5,5,5,5,5,3,5,4,4,5,3,4,2,5,2,2,5,5,5,4,4,4,1,30,4,,1,4500
10-07-25 15:32,2,1,23,,,,,,,,5.5,3.5,3.5,,15,52,0,0,0,0,0,52,52,0,0,0,5,5,0,0,0,0,0,15,15,0,0,0,15,52,0,0,0,0,0,52,52,0,0,0,3.5,4,4,2,5,3,5,1,3,2,,4,3,5,4,3,4,3,3,4,3,2,4,4,5,,4,,,,,,,,,,,,,,,,,,5,4,3,5,3,2,4,3,1,4,3,3,3,4,4,5,5,5,2,4,1,1,2,2,1,2,5,1,4,5,5,5,4,3,4,1,30,2,,1,3500
10-07-25 15:32,2,1,3,,,,,,,,5.5,5.5,3.5,,5,15,0,0,52,70,70,33,70,70,70,70,5,15,0,0,0,0,0,15,0,0,0,0,5,33,0,0,0,0,0,52,0,0,0,0,5.5,,,,,,,,,,,4,5,5,5,4,5,4,3,3,4,3,3,3,3,,,4,5,3,4,4,3,4,5,5,5,5,5,5,,4,4,4,5,5,5,5,5,5,5,4,5,5,4,5,4,4,4,4,4,4,4,5,3,3,4,3,3,3,4,3,3,4,3,4,3,3,4,,30,4,,1,2400
10-07-25 15:39,2,1,23,,,,,,,,5.5,3.5,1.5,,5,33,0,0,0,0,15,0,0,0,0,0,15,15,5,0,0,0,5,0,0,0,0,0,15,52,33,0,0,0,15,0,0,0,0,0,5.5,,,,,,,,,,,2,4,3,3,5,2,3,5,5,5,3,3,4,4,,,4,4,4,5,3,4,4,3,2,4,4,2,2,,3,4,3,5,5,4,5,4,3,4,4,4,4,4,5,4,4,3,4,4,4,2,4,4,3,2,3,2,2,3,2,2,4,2,2,4,3,2,0,50,4,,1,7000
10-07-25 16:13,2,1,6,,,,,,,,1.5,8.5,5.5,,5,15,0,0,0,0,0,15,0,0,0,0,5,0,0,0,0,0,0,5,0,0,0,0,5,0,0,0,0,0,0,15,0,0,0,0,8.5,,,,,,,,,,,5,5,5,5,5,5,5,4,5,5,4,4,5,5,,,4,5,4,3,3,3,2,4,3,3,2,3,5,,1,2,5,5,5,5,5,5,3,5,4,1,4,5,5,5,5,5,4,4,4,4,5,4,3,4,3,2,1,1,3,5,5,3,5,4,4,4,1,30,2,,2,1350
10-07-25 16:56,2,1,21,,,,,,,,3.5,3.5,3.5,,5,33,0,0,0,0,0,33,0,0,0,0,5,0,0,0,0,0,0,5,0,0,0,0,15,15,0,0,0,0,0,33,0,0,0,0,5.5,,,,,,,,,,,5,4,5,5,3,5,5,5,5,5,4,3,3,4,,,5,5,3,3,5,3,4,4,2,3,5,4,3,,2,3,5,5,5,5,5,5,4,5,5,5,5,5,5,4,4,4,5,5,5,3,5,5,2,2,2,3,1,5,5,5,5,5,5,5,5,5,1,30,2,,6,1350
10-07-25 17:39,2,1,17,,,,,,,,3.5,3.5,3.5,,33,33,0,0,0,0,0,15,0,0,0,0,5,0,0,0,0,0,0,5,0,0,0,0,5,15,0,0,0,0,0,33,0,0,0,0,8.5,,,,,,,,,,,5,5,5,5,5,5,5,4,5,4,2,2,2,4,,,5,4,5,2,4,1,4,4,4,5,5,3,2,,3,2,5,5,5,4,4,5,3,4,5,3,5,5,5,3,4,4,4,5,5,4,4,3,3,2,1,1,1,5,4,5,5,5,5,5,5,4,0,30,2,,6,1350
10-07-25 17:46,2,1,9,,,,,,,,3.5,8.5,8.5,,52,33,0,0,0,0,0,15,0,15,0,0,5,0,0,0,0,0,0,5,0,0,0,0,15,15,0,0,0,0,0,15,0,15,0,0,5.5,,,,,,,,,,,5,4,5,5,4,5,5,3,5,2,2,2,3,4,,,4,4,5,3,3,2,5,4,3,4,5,5,4,,3,3,5,5,5,4,5,5,4,5,4,3,4,5,5,4,5,5,4,5,5,4,5,4,3,3,3,3,4,5,3,4,5,3,5,4,5,4,1,30,4,,6,1350
10-07-25 18:01,2,3,,,,,,,,,3.5,3.5,5.5,,5,33,0,0,0,0,0,0,0,0,0,0,5,0,5,0,0,0,0,0,0,0,0,0,5,52,33,0,33,0,0,0,0,0,0,0,1.5,5,4,4,3,2,3,2,3,1,,5,5,5,5,5,5,5,4,4,4,4,3,2,4,,3,,,,,,,,,,,,,,,,,,5,5,4,4,4,3,5,3,3,4,2,4,3,4,4,4,4,4,2,4,3,3,2,4,3,3,2,3,5,5,4,5,3,5,2,0,30,4,,1,5500
10-07-25 18:45,2,1,10,,,,,,,,3.5,1.5,1.5,,5,33,0,0,0,0,0,0,0,0,0,0,15,33,0,0,0,0,0,0,0,0,0,0,33,33,0,0,0,0,0,52,0,15,0,0,5.5,,,,,,,,,,,4,4,5,5,5,3,4,4,5,5,2,2,2,4,,,4,5,4,2,2,2,4,4,4,4,5,3,3,,3,2,5,5,5,4,4,5,2,4,4,2,5,5,2,4,2,4,5,5,5,2,5,4,4,3,4,2,1,4,2,4,5,1,5,3,5,3,0,30,3,,1,2400
10-07-25 19:01,2,1,5,,,,,,,,3.5,5.5,5.5,,5,33,0,0,0,0,0,0,0,0,0,0,33,5,0,0,0,0,0,5,0,0,0,0,15,15,0,0,0,0,0,5,0,0,0,0,5.5,,,,,,,,,,,5,3,5,5,5,5,5,3,5,1,1,1,1,1,,,3,5,1,5,5,5,5,4,3,5,5,1,1,,3,4,5,5,5,5,5,5,3,5,3,1,5,5,4,3,3,3,5,5,5,3,5,1,3,3,1,1,1,3,1,1,5,3,5,5,5,5,1,30,3,,1,4500
10-07-25 19:07,2,1,16,,,,,,,,5.5,8.5,8.5,,5,15,5,5,5,5,5,33,5,5,5,5,15,5,5,5,5,5,5,33,5,5,5,5,15,5,5,5,5,5,5,33,5,5,5,5,8.5,,,,,,,,,,,5,3,5,5,5,5,5,4,5,5,3,3,5,1,,,4,5,2,5,5,2,5,4,4,3,5,3,3,,1,3,5,5,5,5,5,5,3,5,5,5,5,5,5,3,3,4,5,5,5,3,5,3,3,3,3,3,3,4,5,3,5,5,5,3,4,5,1,40,5,,1,5500
10-07-25 20:05,2,1,19,,,,,,,,1.5,1.5,3.5,,5,5,0,0,0,0,0,15,0,0,0,0,5,0,0,0,0,0,0,5,0,0,0,0,15,33,0,0,0,0,0,15,0,0,0,0,5.5,,,,,,,,,,,5,3,5,5,3,5,3,3,4,3,2,4,4,5,,,3,5,3,4,4,1,5,4,3,4,5,3,3,,3,4,3,5,5,5,5,5,5,5,5,5,5,4,5,4,4,4,5,5,5,3,4,3,4,3,3,3,3,4,3,3,4,1,5,3,3,3,0,21,3,,,99
10-07-25 21:13,2,1,2,,,,,,,,5.5,8.5,8.5,,0,33,0,0,0,0,0,33,0,0,0,0,15,33,0,0,0,0,0,33,0,0,0,0,33,33,0,0,0,0,0,33,0,0,0,0,8.5,,,,,,,,,,,3,3,5,5,2,5,5,4,4,2,1,1,3,2,,,4,4,4,3,4,3,4,5,3,4,4,2,5,,4,3,5,5,5,5,5,5,4,5,5,3,4,4,5,5,3,4,4,4,5,2,5,3,3,2,1,1,2,5,3,3,5,5,5,3,3,3,0,30,4,,1,4500
10-07-25 21:16,2,1,2,,,,,,,,3.5,1.5,3.5,,0,15,0,0,0,0,0,15,0,0,0,0,5,33,0,0,0,0,0,15,0,0,0,0,0,33,0,0,0,0,0,15,0,0,0,0,5.5,,,,,,,,,,,4,4,5,5,4,4,5,5,4,4,4,3,4,3,,,4,5,4,3,4,4,5,5,2,5,5,2,5,,4,3,5,5,5,5,5,5,5,5,5,5,5,5,5,5,5,5,5,5,5,4,5,4,4,2,2,3,2,5,3,3,4,5,5,4,3,4,0,30,4,,1,7000
10-07-25 22:10,2,1,2,,,,,,,,3.5,3.5,3.5,,0,33,0,0,0,0,0,15,0,0,0,0,5,15,0,0,0,0,0,15,0,0,0,0,5,33,0,0,0,0,0,33,0,0,0,0,8.5,,,,,,,,,,,5,4,5,5,5,5,5,5,5,5,4,4,5,4,,,3,5,3,4,4,4,4,5,4,4,4,3,5,,5,4,,5,5,5,5,5,5,5,5,4,4,5,5,4,4,4,5,5,5,2,3,3,2,3,3,2,2,3,1,1,5,5,5,5,5,5,0,50,4,,1,3500
11-07-25 1:01,1,1,10,,,,,,,,3.5,3.5,3.5,,33,33,0,0,0,0,0,52,0,15,0,0,5,0,0,0,0,0,0,0,0,52,0,5,0,52,0,0,0,0,0,70,0,0,0,0,8.5,,,,,,,,,,,5,5,5,5,5,5,5,5,5,5,5,5,5,5,,,3,3,2,3,5,2,4,3,5,5,4,3,4,,2,3,5,4,4,4,4,4,4,4,4,4,3,4,4,4,3,3,3,4,4,3,5,5,5,3,3,2,3,4,4,4,5,3,5,4,5,5,1,30,3,1,6,1350
11-07-25 8:15,2,1,16,,,,,,,,3.5,1.5,3.5,,0,52,15,0,0,0,0,33,0,0,0,0,5,0,15,0,0,0,0,0,0,0,0,0,5,33,33,0,0,0,0,15,0,0,0,0,3.5,2,3,3,4,1,1,1,2,1,,3,4,3,1,2,3,1,4,4,4,1,3,3,3,,4,,,,,,,,,,,,,,,,,,3,3,2,4,3,2,4,3,1,4,4,3,1,4,3,4,4,5,2,3,3,3,2,1,3,3,4,1,3,3,2,2,3,3,3,1,30,2,,1,5500
11-07-25 9:07,2,1,2,,,,,,,,5.5,3.5,1.5,,0,33,0,0,0,0,0,15,0,0,0,0,5,5,0,0,0,70,0,5,0,0,0,0,0,15,0,0,0,0,0,0,0,0,0,0,8.5,,,,,,,,,,,4,4,4,4,4,4,3,4,4,3,3,3,4,4,,,4,5,2,3,3,4,4,5,3,3,4,4,4,,4,4,5,5,5,4,5,4,5,4,3,4,4,3,4,3,3,3,4,4,4,3,4,3,3,3,3,3,3,4,3,3,4,3,4,3,3,3,0,60,3,,1,3500
11-07-25 9:15,2,1,16,,,,,,,,3.5,3.5,3.5,,0,33,0,0,0,0,0,33,0,0,0,0,15,5,0,0,0,0,0,33,33,0,0,0,15,15,0,0,0,0,0,15,0,0,0,0,5.5,,,,,,,,,,,5,5,5,5,5,4,5,4,5,5,4,4,5,4,,,3,5,3,4,4,2,4,5,3,4,4,3,5,,2,2,5,5,5,5,5,5,2,5,5,4,5,5,5,4,3,5,5,5,5,3,5,3,3,3,3,2,2,4,3,4,5,5,5,3,4,4,0,40,4,,1,2400
11-07-25 9:52,1,1,5,,,,,,,,3.5,5.5,5.5,,33,15,0,0,0,0,0,5,0,0,0,0,5,0,0,0,0,0,0,5,0,0,0,0,33,33,0,33,33,0,0,33,0,0,0,0,8.5,,,,,,,,,,,5,4,5,5,5,5,5,5,5,5,3,3,4,3,,,5,5,5,3,3,3,4,5,1,2,4,3,5,,3,3,5,5,5,5,5,5,5,5,5,5,5,1,5,5,5,5,5,5,5,5,5,5,5,5,5,5,5,5,3,3,5,5,5,3,5,3,1,40,4,2,1,7000
11-07-25 11:28,2,1,16,,,,,,,,1.5,8.5,5.5,,52,33,0,0,0,0,0,0,0,15,0,0,33,5,0,0,0,0,0,15,0,15,0,0,33,33,0,0,0,0,0,52,0,33,0,0,8.5,,,,,,,,,,,5,5,5,5,4,4,5,4,5,3,5,5,4,5,,,5,5,4,2,2,3,5,5,5,5,5,4,5,,4,4,5,5,5,5,5,5,5,5,5,5,5,5,5,5,5,5,5,5,5,4,5,4,4,4,3,3,3,5,5,5,5,5,5,5,5,5,0,30,3,,6,2400
11-07-25 12:58,1,1,23,,,,,,,,3.5,1.5,1.5,,5,15,0,0,0,0,0,0,0,0,0,0,5,0,15,0,0,0,0,0,0,0,0,0,33,70,0,0,0,0,0,0,0,0,0,0,5.5,,,,,,,,,,,1,4,1,3,4,5,1,4,4,3,3,4,5,4,,,2,2,3,5,5,5,4,4,4,1,4,3,2,,4,5,4,5,4,3,4,2,4,4,4,4,3,5,4,3,3,3,3,3,3,3,3,3,3,3,3,3,3,3,2,1,5,1,1,2,4,4,0,40,4,2,1,3500
11-07-25 16:31,2,1,3,,,,,,,,3.5,5.5,1.5,,5,15,0,0,0,0,0,15,0,0,0,0,5,0,0,0,0,0,0,0,0,0,0,0,5,33,0,0,0,0,0,33,0,0,0,0,3.5,5,5,1,3,3,4,1,4,3,,4,4,5,5,5,4,5,5,5,4,3,3,4,2,,5,,,,,,,,,,,,,,,,,,5,5,4,5,5,5,5,3,4,5,3,4,4,4,4,4,4,4,3,4,2,3,2,2,1,2,4,3,2,5,1,5,4,4,4,0,21,3,,6,2400
14-07-25 8:00,2,1,11,,,,,,,,5.5,3.5,3.5,,5,0,0,70,0,0,0,0,0,0,0,0,15,15,0,33,0,0,0,0,0,0,0,0,15,15,0,33,0,0,33,0,33,0,0,0,3.5,5,2,4,5,5,4,1,1,1,,1,3,4,3,4,3,1,5,4,2,1,4,5,4,,4,,,,,,,,,,,,,,,,,,5,4,2,4,4,3,4,4,3,5,4,3,4,4,4,4,4,3,2,4,3,3,3,3,3,3,3,2,2,4,1,2,3,3,4,1,60,1,,1,4500
14-07-25 9:05,2,1,2,,,,,,,,8.5,3.5,1.5,,5,5,0,0,0,0,0,0,0,0,0,0,5,5,15,0,0,0,0,0,0,0,0,0,15,15,15,0,0,0,0,0,0,0,0,0,3.5,3,2,2,2,2,3,2,2,2,,3,3,4,4,3,4,2,4,3,4,4,4,4,4,,3,,,,,,,,,,,,,,,,,,5,5,4,5,5,1,5,5,5,5,5,5,5,5,5,5,5,5,5,5,5,5,4,4,5,5,5,5,4,4,3,4,3,3,3,0,30,2,,1,2400
14-07-25 10:18,2,1,21,,,,,,,,3.5,3.5,1.5,,15,33,0,0,0,0,0,0,0,0,0,0,5,33,0,0,0,0,0,0,0,0,0,0,15,52,0,0,0,0,0,0,0,0,0,0,5.5,,,,,,,,,,,4,5,5,5,5,5,5,5,5,4,5,4,5,4,,,4,4,4,5,5,5,5,5,5,4,5,5,5,,3,4,5,5,5,5,5,5,3,5,5,5,5,5,5,5,5,5,5,5,5,5,5,5,5,5,5,3,1,3,3,4,5,5,5,3,5,5,0,40,4,,1,3500
14-07-25 10:48,2,1,2,,,,,,,,5.5,8.5,8.5,,70,15,33,33,33,33,15,33,33,15,15,33,5,5,5,5,5,5,5,5,5,5,5,5,5,5,5,5,5,5,5,5,5,5,5,5,5.5,,,,,,,,,,,1,5,5,5,5,5,3,4,4,3,3,3,5,3,,,2,5,2,3,3,4,5,4,3,3,3,3,3,,4,5,3,4,4,4,4,4,1,5,4,5,5,5,5,3,3,3,4,4,3,3,4,3,3,3,3,3,3,4,4,5,5,4,4,3,3,5,1,30,3,,,1350
14-07-25 12:56,2,1,2,,,,,,,,3.5,1.5,3.5,,5,33,0,0,0,0,0,0,0,0,0,0,5,15,0,0,0,0,0,0,0,0,0,0,5,33,33,0,0,0,0,0,0,0,0,0,3.5,5,5,4,2,2,4,2,4,1,,3,4,2,4,2,2,1,5,5,4,2,1,1,2,,4,,,,,,,,,,,,,,,,,,5,5,5,1,3,4,5,5,2,5,5,5,4,4,4,5,5,5,1,4,2,3,2,2,2,2,4,2,3,5,3,2,2,4,2,0,40,4,,1,7000
14-07-25 15:33,2,1,10,,,,,,,,5.5,3.5,1.5,,5,15,0,0,0,0,0,70,0,0,0,0,5,15,0,0,0,0,0,33,0,0,0,0,5,15,0,0,0,33,0,33,0,0,0,0,3.5,3,1,4,3,2,4,1,1,1,,5,2,5,4,2,5,1,1,3,2,2,1,1,2,,5,,,,,,,,,,,,,,,,,,5,5,5,5,5,4,5,5,5,5,5,5,5,5,5,5,5,5,4,5,5,5,5,5,5,2,4,1,2,5,4,5,2,2,2,0,40,4,,1,5500
15-07-25 11:55,2,1,10,,,,,,,,5.5,5.5,5.5,,5,0,70,0,0,0,0,0,0,0,0,0,0,0,52,0,0,0,0,0,0,0,0,0,0,0,70,0,0,0,0,0,0,0,0,0,0,5,5,5,2,5,5,1,5,1,,1,1,1,1,1,1,1,1,1,1,1,1,1,1,,1,,,,,,,,,,,,,,,,,,1,1,1,1,1,1,1,1,1,1,1,1,1,1,1,1,1,1,1,1,1,1,1,1,1,1,1,1,1,1,1,1,1,1,1,0,60,2,,1,99
15-07-25 17:04,2,1,6,,,,,,,,5.5,3.5,8.5,,0,33,0,0,0,0,0,15,0,0,0,0,5,0,0,0,0,0,0,5,0,0,0,0,15,33,0,0,0,0,0,33,0,0,0,0,8.5,,,,,,,,,,,3,4,3,2,5,5,5,5,3,4,3,2,2,4,,,3,2,3,5,5,5,5,5,5,5,5,5,5,,2,4,5,5,5,5,5,4,4,5,5,5,5,5,5,4,3,4,5,5,5,5,5,5,5,3,4,4,2,5,2,3,3,4,5,4,2,3,0,60,4,,1,7000
16-07-25 8:06,2,1,14,,,,,,,,3.5,1.5,1.5,,0,0,0,0,0,0,0,33,0,0,0,0,5,5,0,0,0,0,0,0,5,0,0,0,15,5,0,0,0,0,0,15,5,0,0,0,8.5,,,,,,,,,,,5,3,5,5,4,4,5,3,4,3,2,1,1,2,,,5,5,5,3,3,1,4,5,4,5,5,1,4,,4,3,5,5,5,4,5,5,2,5,5,3,5,3,5,4,3,4,5,5,5,2,5,2,1,2,1,1,1,4,1,1,5,1,5,5,3,1,1,40,4,,1,4500
16-07-25 15:54,1,3,,,,,,,,,3.5,3.5,1.5,,5,33,0,0,0,0,0,0,0,0,0,0,5,33,0,0,0,0,0,0,0,0,0,0,5,33,0,0,0,0,0,0,0,0,0,0,3.5,5,5,5,5,5,4,5,3,1,,3,3,5,5,3,3,3,3,4,4,4,3,3,3,,4,,,,,,,,,,,,,,,,,,5,5,5,5,5,4,5,5,5,5,3,5,5,3,3,4,4,4,3,4,4,4,5,5,5,5,5,3,3,5,3,4,3,4,3,0,40,5,3,1,7000
17-07-25 14:57,2,1,2,,,,,,,,5.5,3.5,3.5,,5,15,15,0,0,0,0,0,33,0,0,0,15,0,15,0,0,0,0,0,52,0,0,0,15,5,33,0,15,0,0,15,15,0,0,0,3.5,4,2,5,3,1,3,1,2,1,,3,3,3,3,3,3,2,4,3,4,2,2,3,3,,4,,,,,,,,,,,,,,,,,,5,4,4,4,4,3,5,5,4,5,4,5,4,4,4,5,5,5,3,4,3,3,3,3,3,3,3,2,2,3,3,2,2,2,3,1,40,4,,1,10000
17-07-25 17:55,1,3,,,,,,,,,3.5,3.5,3.5,,0,0,15,0,0,0,0,0,0,0,0,0,0,0,5,0,0,0,0,0,0,0,0,0,0,0,33,0,0,0,0,0,0,0,0,0,1.5,5,4,4,4,1,4,3,4,3,,3,3,3,3,4,3,1,2,4,3,3,3,3,3,,3,,,,,,,,,,,,,,,,,,5,5,2,3,3,2,4,3,3,4,3,4,3,3,3,3,3,3,3,3,3,3,3,3,3,3,3,3,3,3,3,3,3,3,3,0,40,5,1,1,4500
21-07-25 18:22,1,3,,,,,,,,,5.5,3.5,3.5,,5,0,0,0,0,0,0,0,0,0,0,0,15,0,33,0,0,0,0,0,0,0,0,0,15,0,0,0,0,0,0,52,0,0,0,0,5.5,,,,,,,,,,,5,5,5,5,5,5,5,5,5,5,5,4,5,5,,,4,4,4,2,2,3,5,5,2,3,4,3,4,,5,4,4,5,5,4,4,4,4,5,4,2,5,5,5,4,5,5,5,5,5,4,5,4,4,4,4,4,2,4,2,3,5,4,4,3,4,4,1,50,5,3,1,4500
22-07-25 9:35,2,1,3,,,,,,,,3.5,3.5,5.5,,0,52,0,0,0,0,0,52,0,0,0,0,15,33,0,0,0,0,0,5,0,0,0,0,0,0,0,0,0,0,0,15,0,0,0,0,8.5,,,,,,,,,,,4,4,4,5,4,5,5,5,5,4,3,3,4,3,,,5,4,4,5,5,3,5,5,4,4,5,4,4,,3,4,4,5,5,5,5,5,4,5,5,5,5,4,4,5,5,5,5,5,5,4,5,4,4,4,4,2,3,4,2,3,4,4,5,4,5,4,1,30,4,,1,5500
22-07-25 9:50,1,1,5,,,,,,,,5.5,1.5,1.5,,15,33,0,0,0,0,0,0,0,0,0,0,5,15,0,0,0,0,0,0,0,0,0,0,15,33,0,0,0,0,0,0,0,0,0,0,5.5,,,,,,,,,,,4,3,4,4,4,4,5,4,4,4,3,3,4,3,,,4,4,3,2,3,4,4,5,3,4,4,2,3,,4,3,4,5,5,4,5,5,5,5,4,3,4,2,3,4,2,4,4,4,4,3,5,4,4,4,5,3,4,5,1,3,4,4,5,2,3,2,1,30,4,5,1,2400
22-07-25 10:03,2,1,3,,,,,,,,5.5,3.5,3.5,,15,33,0,0,0,0,0,33,0,0,0,0,15,33,0,0,0,0,0,33,0,0,0,0,15,52,0,0,0,0,0,33,0,0,0,0,5.5,,,,,,,,,,,1,1,4,3,3,2,2,1,5,3,1,1,2,3,,,3,4,4,3,3,2,2,4,1,4,3,1,3,,4,4,4,5,5,4,5,3,4,5,4,2,3,2,4,4,4,5,4,4,4,1,3,3,3,2,2,1,2,3,1,3,4,3,3,1,2,2,1,30,4,,1,4500
22-07-25 10:16,2,1,2,,,,,,,,0,8.5,5.5,,0,0,0,0,0,0,0,0,0,0,0,0,5,0,0,0,0,0,0,0,0,0,0,0,5,15,0,0,0,0,0,5,0,0,0,0,3.5,5,1,1,3,1,4,1,4,1,,3,3,3,3,3,5,3,5,4,5,3,3,4,3,,4,,,,,,,,,,,,,,,,,,5,5,5,5,4,4,5,5,2,5,4,4,4,1,5,4,4,4,2,5,4,4,2,1,2,3,2,1,2,4,3,5,2,2,1,1,30,3,,1,3500
22-07-25 10:22,2,1,2,,,,,,,,3.5,1.5,8.5,,5,33,0,0,0,0,0,0,0,0,0,0,15,15,0,0,0,0,0,0,0,0,0,0,52,15,0,0,0,0,0,0,0,0,0,0,1.5,5,3,4,2,2,3,4,2,2,,4,4,4,5,5,4,4,5,5,3,3,3,4,4,,4,,,,,,,,,,,,,,,,,,5,5,4,4,5,3,5,4,4,5,3,4,4,4,4,4,3,5,4,5,3,1,2,2,1,1,4,4,5,5,3,4,4,5,4,0,30,4,,1,2400
28-07-25 9:19,2,1,15,,,,,,,,3.5,5.5,5.5,,52,33,0,0,0,0,0,33,0,0,0,0,15,15,0,0,0,15,0,5,0,0,0,0,33,33,0,0,0,0,0,15,0,0,0,0,8.5,,,,,,,,,,,4,4,5,5,4,4,5,3,5,4,3,3,4,4,,,5,4,4,3,3,4,4,5,3,4,5,5,4,,2,3,5,5,5,5,5,5,4,5,5,4,5,4,4,5,5,5,5,5,5,5,5,4,4,5,4,3,3,5,3,3,5,4,5,4,5,5,1,30,4,,1,4500
28-07-25 9:48,1,1,10,,,,,,,,3.5,1.5,5.5,,0,0,0,0,0,0,0,15,0,0,0,0,5,0,0,0,0,0,0,5,0,0,0,0,0,0,0,0,0,0,0,33,0,0,0,0,8.5,,,,,,,,,,,5,3,5,5,4,3,5,2,3,3,2,2,3,3,,,3,5,5,1,2,1,4,5,4,4,4,2,2,,4,3,3,5,5,5,5,5,5,5,4,5,5,4,4,5,5,5,5,5,4,3,5,3,2,2,1,2,2,4,1,2,5,4,5,1,2,3,1,40,4,2,1,10000
28-07-25 9:49,2,1,10,,,,,,,,3.5,3.5,3.5,,33,15,0,0,0,0,0,52,70,15,0,0,33,5,0,0,0,0,0,70,0,5,0,0,33,15,0,0,0,0,0,70,0,0,0,0,8.5,,,,,,,,,,,5,5,5,5,5,5,5,5,5,5,5,5,5,5,,,5,5,5,3,4,5,5,5,5,5,5,5,5,,3,3,5,5,5,5,5,5,5,5,5,5,5,5,5,5,5,5,5,5,5,5,5,5,5,5,5,5,5,5,5,5,5,5,5,5,5,5,1,60,2,,1,3500
28-07-25 11:55,2,1,16,,,,,,,,5.5,1.5,1.5,,5,0,0,0,0,0,0,70,0,0,0,0,15,5,0,0,0,0,0,70,0,0,0,0,0,0,0,0,0,0,0,70,0,0,0,0,8.5,,,,,,,,,,,5,5,5,5,5,5,5,5,5,5,5,5,5,5,,,4,5,1,5,5,4,5,5,5,5,5,5,5,,1,3,5,5,5,5,5,5,5,5,5,5,5,5,5,5,5,5,5,5,5,5,5,5,5,5,5,5,5,5,5,5,5,5,5,5,5,5,1,30,4,,1,4500
28-07-25 12:03,1,1,16,,,,,,,,3.5,3.5,3.5,,33,33,5,5,5,5,5,33,5,5,5,5,15,5,5,5,5,5,5,15,5,5,5,5,15,15,5,5,5,5,5,15,5,5,5,5,5.5,,,,,,,,,,,5,5,5,5,5,5,5,5,5,5,5,5,5,5,,,5,5,4,4,4,4,5,5,5,5,5,5,5,,3,3,5,5,5,5,5,5,5,5,5,5,5,5,5,5,5,5,5,5,5,5,5,5,5,5,5,5,5,5,5,5,5,5,5,5,5,5,0,40,4,2,1,3500
28-07-25 17:44,2,1,14,,,,,,,,5.5,3.5,3.5,,0,0,0,0,0,0,0,33,70,70,70,70,5,5,0,0,0,0,0,5,0,0,0,0,15,15,0,0,0,0,0,33,0,0,0,0,8.5,,,,,,,,,,,5,5,5,5,5,5,5,5,5,5,5,5,5,5,,,3,3,3,5,5,3,4,4,4,5,4,4,4,,3,3,,5,5,5,5,5,3,5,4,4,4,3,4,1,1,1,4,4,5,5,4,1,3,4,4,1,1,5,2,2,5,1,5,1,1,1,1,50,3,,1,3500
28-07-25 17:46,2,1,23,,,,,,,,5.5,3.5,3.5,,33,33,0,0,0,0,0,0,0,0,0,0,33,0,0,0,0,0,0,0,0,0,0,0,33,33,0,0,0,0,0,0,0,0,0,0,8.5,,,,,,,,,,,4,4,4,4,4,4,3,4,4,4,3,4,4,4,,,1,2,2,2,2,1,4,4,4,3,4,3,2,,3,4,4,5,5,5,5,5,4,5,4,4,5,5,5,3,3,3,3,3,3,3,3,3,3,3,3,3,3,3,4,4,5,3,4,4,4,4,0,30,4,,1,3500
28-07-25 18:16,2,1,16,,,,,,,,3.5,1.5,1.5,,70,33,15,0,0,0,0,70,0,0,0,0,15,15,33,0,0,0,0,70,0,0,0,0,33,52,33,0,0,0,0,0,0,0,0,0,5.5,,,,,,,,,,,5,5,5,4,4,4,4,3,5,4,4,3,3,3,,,4,4,3,5,5,4,5,5,4,3,4,2,2,,3,3,4,5,5,5,4,3,2,3,2,1,3,1,1,4,4,4,5,5,5,3,4,2,1,3,2,1,1,3,2,3,5,4,5,3,4,4,0,50,4,,1,2400
28-07-25 21:05,2,1,12,,,,,,,,3.5,1.5,3.5,,33,15,0,0,0,0,0,0,0,0,0,0,33,52,0,0,0,0,0,0,0,0,0,0,15,33,0,0,33,0,0,0,0,0,0,0,3.5,5,4,5,3,3,5,1,1,2,,4,3,5,4,5,3,5,4,5,3,2,3,3,3,,4,,,,,,,,,,,,,,,,,,5,5,5,4,4,4,5,4,3,3,3,4,3,3,3,3,3,3,3,3,3,3,3,3,3,3,3,3,2,5,3,5,1,5,3,0,60,4,,1,99
29-07-25 0:36,2,1,8,,,,,,,,5.5,3.5,1.5,,5,5,5,5,5,5,5,5,5,5,5,5,5,5,5,5,5,5,5,5,5,5,5,15,5,5,5,5,5,5,5,5,5,5,5,5,5.5,,,,,,,,,,,3,4,4,5,2,4,3,5,5,5,4,5,4,3,,,3,4,5,2,1,3,4,3,4,5,5,3,3,,4,3,4,5,5,4,5,4,3,4,3,4,5,4,4,3,3,4,5,4,4,3,4,5,3,4,3,3,3,2,3,3,3,3,3,3,5,4,1,67,3,,5,2400
29-07-25 7:08,2,1,14,,,,,,,,1.5,5.5,3.5,,5,33,0,0,0,0,0,52,0,0,0,0,5,0,15,0,0,0,0,5,0,0,0,0,5,33,15,0,0,0,0,5,0,0,0,0,5.5,,,,,,,,,,,2,4,1,4,5,3,3,5,4,3,1,3,3,4,,,2,2,3,5,4,2,2,1,4,5,4,3,2,,3,3,4,3,2,4,5,5,1,5,1,2,5,4,4,1,1,1,4,4,5,3,4,2,2,1,1,1,1,4,2,4,3,4,3,1,1,1,1,60,3,,1,7000
29-07-25 23:12,2,1,15,,,,,,,,3.5,3.5,3.5,,5,33,0,33,0,0,0,0,0,0,0,0,5,5,0,5,0,0,0,0,0,0,0,0,15,15,0,0,15,0,0,33,0,0,0,0,3.5,5,4,4,5,1,3,3,2,2,,4,5,5,5,5,5,4,2,5,3,2,2,2,3,,5,,,,,,,,,,,,,,,,,,4,4,5,4,5,4,4,4,3,5,4,4,3,3,3,4,4,5,4,5,3,3,3,3,3,3,3,2,3,5,5,5,5,5,3,1,40,3,,1,5500
30-07-25 15:20,2,1,13,,,,,,,,0,5.5,8.5,,0,0,0,0,0,0,0,0,0,0,0,0,33,52,0,0,0,0,0,15,0,0,0,0,52,70,0,0,0,0,0,33,0,0,0,0,8.5,,,,,,,,,,,4,4,5,5,3,4,5,5,5,4,2,3,5,4,,,4,3,5,3,3,3,5,5,4,4,5,3,5,,4,4,5,5,5,5,5,5,5,5,5,2,5,4,5,4,5,5,4,4,4,4,5,3,3,4,3,3,3,5,2,3,5,5,5,4,4,4,1,67,5,,5,3500
30-07-25 15:28,2,1,19,,,,,,,,5.5,3.5,8.5,,15,33,0,0,0,0,0,0,0,0,0,0,15,15,0,0,0,0,0,0,0,0,0,0,33,33,0,0,0,0,0,0,0,0,0,0,8.5,,,,,,,,,,,5,5,3,5,5,5,5,4,4,5,5,4,4,4,,,5,5,5,5,5,5,2,3,3,5,4,3,4,,3,3,4,5,5,5,5,4,4,4,4,4,4,4,3,3,3,4,3,3,4,3,4,3,2,2,2,2,2,2,5,4,5,3,5,2,3,2,0,40,4,,1,99
30-07-25 15:32,2,1,10,,,,,,,,0,3.5,3.5,,0,0,0,0,0,0,0,0,0,0,0,0,0,33,0,0,0,0,0,0,0,0,0,0,0,0,52,0,0,0,0,0,0,0,0,0,0,5,1,5,5,2,5,1,1,1,,1,3,2,3,2,1,1,3,3,1,1,1,1,1,,3,,,,,,,,,,,,,,,,,,5,5,1,1,3,1,3,3,3,2,3,2,1,1,2,1,1,1,1,1,1,1,2,2,2,3,1,3,3,3,1,1,1,1,3,0,67,2,,5,2400
30-07-25 15:41,2,1,13,,,,,,,,1.5,8.5,8.5,,15,15,0,0,0,0,0,0,0,0,0,0,33,33,33,0,0,0,0,0,0,0,0,0,70,33,33,0,0,0,0,0,0,0,0,0,8.5,,,,,,,,,,,4,4,4,3,4,3,3,4,4,4,3,3,4,3,,,1,4,3,3,3,3,5,5,4,3,4,3,4,,5,3,3,5,5,5,5,5,5,5,3,3,5,2,3,3,4,4,5,5,5,3,4,3,3,3,3,3,3,3,1,1,4,2,2,1,1,3,1,50,4,,1,7000
30-07-25 15:44,2,3,,,,,,,,,5.5,3.5,1.5,,5,5,0,0,0,0,0,5,0,0,0,0,5,5,0,0,0,0,0,5,0,0,0,0,15,5,0,0,0,0,0,5,0,0,0,0,8.5,,,,,,,,,,,5,3,4,3,4,3,3,5,4,4,3,3,5,3,,,3,5,4,4,4,5,5,5,4,3,4,4,5,,2,3,5,5,5,5,5,4,4,5,5,5,5,5,4,4,4,5,5,5,5,4,5,4,4,4,4,4,4,5,3,3,5,4,5,3,4,5,0,40,4,,1,2400
30-07-25 15:52,2,1,2,,,,,,,,0,5.5,5.5,,5,5,5,5,5,5,5,5,5,5,5,5,33,5,5,5,5,5,5,33,5,5,5,5,5,5,5,5,5,5,5,33,5,5,5,5,8.5,,,,,,,,,,,5,5,5,5,5,5,4,4,5,4,4,4,5,5,,,5,4,4,5,5,4,5,4,4,4,5,3,4,,5,5,5,5,5,5,5,5,4,5,5,5,5,3,4,5,4,5,5,5,5,4,5,4,5,4,3,4,3,5,1,4,4,1,5,1,1,2,0,67,5,,5,10000
30-07-25 15:56,2,1,2,,,,,,,,0,3.5,3.5,,33,33,0,0,0,0,0,0,0,0,0,0,33,33,0,0,0,0,0,0,0,0,0,0,52,52,0,0,0,0,0,0,0,0,0,0,8.5,,,,,,,,,,,5,5,5,5,5,5,5,5,5,5,5,5,5,5,,,5,5,5,5,5,5,3,3,3,3,3,3,3,,3,3,5,5,5,5,5,5,1,5,5,1,5,1,5,5,5,5,5,5,5,1,5,5,1,1,1,1,1,1,1,1,1,1,1,1,1,1,0,67,3,,5,99
30-07-25 15:57,2,1,13,,,,,,,,0,1.5,8.5,,70,0,0,0,0,0,0,0,0,0,0,0,5,0,5,0,0,0,0,0,0,0,0,0,70,0,33,0,0,0,0,0,0,0,0,0,8.5,,,,,,,,,,,1,4,4,5,2,1,1,3,4,1,1,3,3,1,,,5,5,5,4,4,2,5,3,4,2,4,3,3,,4,4,3,5,4,4,3,2,4,4,4,4,5,5,5,3,3,3,5,5,5,1,3,3,3,1,1,1,1,3,1,1,1,1,1,1,1,3,1,60,5,,2,10000
30-07-25 16:02,2,1,17,,,,,,,,5.5,3.5,1.5,,70,33,0,0,0,0,0,52,0,0,0,0,70,15,0,0,0,0,0,0,0,0,0,0,33,33,0,0,0,0,0,0,0,0,0,0,5.5,,,,,,,,,,,5,4,5,4,5,5,4,5,5,4,3,4,5,4,,,4,4,5,2,2,3,5,4,3,3,5,3,4,,4,4,4,5,4,4,4,3,3,5,5,5,5,5,3,4,3,3,4,4,4,3,4,3,3,2,2,2,2,3,3,4,5,5,5,4,4,4,0,50,2,,1,2400
30-07-25 16:04,2,1,9,,,,,,,,1.5,5.5,5.5,,33,15,0,0,0,0,0,15,0,0,0,0,5,15,0,0,0,0,0,15,0,0,0,0,15,33,0,0,0,0,0,33,0,0,0,0,5.5,,,,,,,,,,,5,5,5,4,4,5,5,5,5,5,4,4,4,4,,,3,4,5,4,4,5,5,5,3,4,4,2,4,,2,4,5,5,5,5,5,5,5,5,5,4,5,4,5,5,5,5,5,5,5,4,5,5,4,5,4,3,3,4,3,3,5,4,5,4,4,4,0,67,5,,5,7000
30-07-25 16:06,2,1,22,,,,,,,,0,1.5,1.5,,5,33,0,0,0,0,0,0,0,0,0,0,15,15,15,0,0,0,0,0,0,0,0,0,33,15,33,0,0,0,0,0,0,0,0,0,3.5,3,1,3,3,1,5,1,1,1,,1,3,3,2,2,1,1,1,1,1,1,3,3,3,,3,,,,,,,,,,,,,,,,,,4,5,4,5,5,4,4,5,5,5,3,4,4,5,5,5,5,5,5,5,5,4,4,4,4,3,4,2,2,1,2,3,4,2,1,0,67,2,,5,5500
30-07-25 16:07,2,1,20,,,,,,,,8.5,3.5,8.5,,33,33,0,0,0,0,0,15,0,0,0,0,15,15,0,0,0,0,0,33,0,0,0,0,70,15,15,0,0,0,0,33,0,0,0,0,8.5,,,,,,,,,,,3,3,4,3,4,5,3,3,3,4,4,3,4,5,,,2,3,3,3,3,2,5,5,3,4,5,3,3,,3,3,3,5,5,5,4,3,3,5,4,4,5,3,4,4,5,5,5,5,5,3,4,3,3,3,3,3,2,2,4,4,5,3,4,4,4,4,0,40,3,,2,99
30-07-25 16:29,2,1,22,,,,,,,,3.5,3.5,5.5,,33,52,0,0,0,0,0,33,0,0,0,0,5,15,0,0,0,0,0,15,0,0,0,0,33,52,0,0,0,0,0,15,0,0,0,0,3.5,5,4,2,3,5,4,5,5,5,,5,5,5,5,5,4,4,4,5,5,3,3,4,5,,5,,,,,,,,,,,,,,,,,,5,5,5,4,5,2,5,5,5,5,4,4,1,5,5,5,5,5,5,5,5,5,3,3,3,3,5,1,4,4,1,1,4,5,4,0,60,4,,1,99
30-07-25 16:34,2,1,12,,,,,,,,0,8.5,3.5,,0,0,0,0,0,0,0,0,0,0,0,0,70,52,0,0,0,0,0,0,0,0,0,0,70,52,70,70,70,70,70,70,70,70,70,70,8.5,,,,,,,,,,,5,4,3,4,4,4,3,3,4,3,1,2,5,4,,,5,5,5,3,3,4,5,5,4,3,5,3,3,,3,3,5,5,5,4,5,5,3,5,5,4,5,3,4,5,5,5,5,5,5,4,5,4,2,2,1,1,2,4,2,3,4,3,4,4,4,4,1,75,3,,5,99
30-07-25 17:01,2,1,10,,,,,,,,0,5.5,3.5,,0,0,0,0,0,0,0,0,0,0,0,0,15,33,0,0,0,0,0,0,0,0,0,0,15,33,0,0,0,0,0,0,0,0,0,0,5.5,,,,,,,,,,,5,5,5,5,5,5,5,5,5,4,3,3,5,3,,,5,5,5,3,3,4,5,5,3,3,5,5,4,,4,3,5,5,5,5,5,5,1,5,5,5,5,5,5,5,5,5,5,5,5,5,5,5,5,3,3,1,2,3,3,3,5,5,5,5,5,5,0,67,2,,5,3500
30-07-25 17:27,2,1,16,,,,,,,,1.5,3.5,3.5,,33,15,0,0,0,0,0,15,0,0,0,0,5,5,0,0,0,0,0,5,0,0,0,0,52,33,0,0,0,0,0,33,0,0,0,0,5.5,,,,,,,,,,,5,5,5,5,5,5,5,4,5,5,3,3,5,4,,,4,5,2,3,3,4,5,4,3,3,5,2,4,,3,3,5,5,5,4,5,3,4,4,3,3,5,3,5,3,4,4,5,5,5,3,5,3,3,3,3,3,2,4,2,4,5,3,5,2,5,4,0,60,3,,5,3500
30-07-25 17:29,2,1,21,,,,,,,,0,3.5,3.5,,0,0,0,0,0,0,0,0,0,0,0,0,15,33,33,0,0,0,0,33,0,0,0,0,33,33,33,0,0,0,0,33,0,0,0,0,8.5,,,,,,,,,,,5,5,5,5,5,5,5,3,3,4,3,2,2,2,,,4,4,4,4,4,4,5,5,5,4,5,5,5,,1,1,5,5,5,5,5,5,5,5,5,5,5,5,5,5,5,5,5,5,5,5,5,3,3,3,2,1,1,5,2,2,5,4,5,4,3,3,1,50,3,,2,99
30-07-25 18:29,2,1,2,,,,,,,,3.5,3.5,3.5,,15,52,0,0,0,0,0,52,0,0,0,0,5,15,5,0,0,0,0,15,0,0,0,0,15,15,5,0,0,0,0,33,0,0,0,0,8.5,,,,,,,,,,,5,4,4,5,5,4,4,4,5,5,4,3,4,4,,,3,2,4,5,5,4,5,5,5,4,5,2,5,,4,3,5,5,5,5,5,4,4,5,5,5,5,3,5,5,5,5,5,5,5,4,5,4,5,5,1,2,2,5,5,4,3,3,4,2,3,2,1,60,3,,1,7000
30-07-25 19:15,2,1,8,,,,,,,,0,8.5,5.5,,0,0,0,0,0,0,0,0,0,0,0,0,70,70,0,0,0,0,0,0,0,0,0,0,70,70,0,0,0,0,0,0,0,0,0,0,8.5,,,,,,,,,,,3,5,5,5,5,5,4,4,4,4,2,3,4,4,,,1,2,4,4,1,5,5,5,5,3,5,3,5,,4,4,,5,5,5,5,5,5,5,5,5,5,2,3,4,4,4,5,5,5,4,5,4,4,4,3,3,3,4,3,2,4,4,5,2,3,3,0,75,2,,5,2400
30-07-25 19:39,2,1,6,,,,,,,,3.5,1.5,3.5,,15,5,0,0,0,0,0,0,0,0,0,0,15,15,0,0,0,0,0,0,0,0,0,0,15,15,0,0,0,0,0,0,0,33,0,0,8.5,,,,,,,,,,,4,5,5,4,4,2,5,3,3,3,2,2,4,5,,,5,5,4,4,4,4,4,4,3,4,5,2,1,,5,3,5,5,5,5,5,5,2,5,2,4,5,4,5,5,4,4,5,5,5,3,4,1,3,4,3,1,2,2,3,3,3,3,3,3,3,3,0,40,4,,1,2400
30-07-25 19:56,2,1,21,,,,,,,,0,5.5,1.5,,0,0,0,0,0,0,0,0,0,0,0,0,33,52,0,0,0,0,0,0,0,0,0,0,15,52,0,0,0,0,0,0,0,0,0,0,1.5,4,1,4,2,4,4,1,1,1,,3,4,1,5,4,1,4,3,4,3,1,1,1,3,,3,,,,,,,,,,,,,,,,,,4,5,4,3,3,3,5,5,4,5,3,4,3,4,4,5,5,3,5,4,3,3,2,1,2,2,4,1,1,4,3,4,3,4,3,0,75,4,,5,3500
30-07-25 21:03,2,1,7,,,,,,,,3.5,5.5,8.5,,33,33,0,0,0,0,0,0,0,0,0,0,15,33,0,0,0,0,0,0,0,0,0,0,33,33,0,0,0,0,0,0,0,0,0,0,8.5,,,,,,,,,,,5,5,5,5,5,5,5,5,5,5,5,5,5,5,,,5,5,5,4,4,5,5,5,3,2,5,5,5,,3,3,5,5,5,5,1,5,2,5,5,5,5,5,5,5,5,5,5,5,5,5,5,5,5,5,4,2,3,5,5,5,5,5,5,4,5,5,0,67,4,,5,2400
30-07-25 22:33,2,1,22,,,,,,,,3.5,5.5,3.5,,15,70,0,0,0,0,0,33,0,0,0,0,15,52,0,0,0,0,0,33,0,0,0,0,15,52,0,0,0,0,0,33,0,0,0,0,5.5,,,,,,,,,,,4,4,5,5,5,4,5,4,5,5,3,2,5,4,,,5,5,5,4,4,4,5,5,4,3,5,2,3,,3,3,5,5,5,5,5,5,4,5,5,3,5,5,5,5,5,5,5,5,5,4,5,3,3,2,1,1,1,4,4,4,5,3,5,5,5,5,,60,4,,5,3500
30-07-25 23:03,2,1,18,,,,,,,,3.5,1.5,1.5,,5,0,0,0,0,0,0,0,70,0,0,0,15,0,0,0,0,0,0,0,15,0,0,0,5,0,0,0,0,0,0,0,33,0,0,0,8.5,,,,,,,,,,,5,4,5,5,5,4,5,4,5,4,3,3,4,4,,,4,5,3,2,2,2,5,4,4,4,5,2,4,,4,3,,4,4,4,5,5,3,4,4,3,5,3,5,4,4,4,5,5,5,3,5,3,3,3,2,2,2,5,3,3,4,4,5,3,4,4,1,60,2,,1,3500
30-07-25 23:54,2,1,16,,,,,,,,0,5.5,3.5,,0,0,0,0,0,0,0,0,0,0,0,0,5,15,0,0,0,0,0,0,0,0,0,0,15,15,0,0,0,0,0,0,0,0,0,0,8.5,,,,,,,,,,,3,4,4,5,5,3,3,5,3,3,3,3,5,4,,,3,4,3,3,4,5,5,5,3,3,5,4,5,,4,4,,4,4,5,5,5,4,5,5,5,5,4,5,3,3,3,3,3,3,3,3,3,3,3,3,3,3,3,1,3,3,3,3,3,3,3,0,75,2,,5,99
31-07-25 7:45,2,1,16,,,,,,,,5.5,3.5,3.5,,52,0,0,0,0,0,0,0,0,0,0,0,5,33,0,0,0,0,0,0,0,0,0,0,33,15,0,0,0,0,0,0,0,0,0,0,8.5,,,,,,,,,,,5,5,4,5,5,4,5,5,5,5,4,5,5,4,,,5,5,5,4,4,4,5,5,3,3,5,3,5,,4,4,5,5,5,5,5,5,4,5,5,5,5,5,5,5,5,5,5,5,5,3,5,1,1,1,1,1,1,5,4,4,5,5,5,5,5,5,0,40,3,,1,4500
31-07-25 8:09,1,1,3,,,,,,,,8.5,1.5,3.5,,0,15,0,0,0,0,0,0,0,15,0,0,5,15,0,0,0,0,0,0,0,5,0,0,15,33,0,0,0,0,0,0,0,33,0,0,8.5,,,,,,,,,,,4,4,5,4,5,5,3,3,5,5,5,2,5,3,,,1,4,1,5,5,1,3,1,4,4,4,4,1,,5,4,5,5,5,5,4,2,1,5,3,4,5,5,5,3,5,3,5,5,5,5,4,3,3,2,2,2,3,4,4,5,5,5,5,3,5,5,1,30,4,2,1,3500
31-07-25 8:26,2,3,,,,,,,,,3.5,3.5,3.5,,5,33,0,0,0,0,0,15,0,0,0,0,0,0,0,0,0,0,0,15,0,0,0,0,5,0,0,0,0,0,0,0,0,0,0,0,8.5,,,,,,,,,,,5,5,5,3,5,1,1,5,4,5,1,3,3,4,,,4,5,4,1,1,2,5,5,5,5,4,3,3,,4,4,,5,5,5,5,3,5,5,5,5,5,3,5,5,5,5,5,5,2,2,5,2,2,3,2,1,2,5,2,2,5,3,5,4,4,3,0,60,4,,1,4500
31-07-25 10:13,1,3,,,,,,,,,3.5,3.5,3.5,,0,52,0,0,33,0,0,33,0,0,0,0,15,33,0,0,15,33,0,15,0,0,0,0,15,33,0,0,15,0,0,15,0,0,0,0,5.5,,,,,,,,,,,3,5,5,3,3,3,5,4,4,4,2,2,3,2,,,3,4,3,4,4,2,5,4,2,4,5,1,4,,5,5,,5,5,4,5,5,3,4,3,2,5,4,5,2,2,2,5,5,5,1,4,3,3,3,3,3,4,5,2,1,4,3,2,3,4,3,0,30,4,1,1,5500
31-07-25 10:24,2,1,22,,,,,,,,5.5,3.5,3.5,,33,33,0,0,0,0,0,52,52,0,0,0,15,15,0,0,0,0,0,15,15,0,0,0,33,52,0,0,0,0,0,33,33,0,0,0,5.5,,,,,,,,,,,5,4,5,5,5,4,3,5,4,4,1,2,3,3,,,4,5,3,4,4,2,5,4,4,4,5,2,4,,4,4,5,5,5,4,5,5,4,5,5,4,5,4,3,3,4,3,5,5,5,2,5,2,2,2,2,2,2,4,2,3,4,4,5,2,4,3,1,40,4,,1,4500
31-07-25 12:39,2,1,1,,,,,,,,5.5,3.5,3.5,,33,5,0,5,0,5,0,0,33,0,0,0,70,5,0,5,5,5,0,0,15,0,0,0,52,5,0,5,5,5,0,0,15,0,0,0,5.5,,,,,,,,,,,1,1,3,3,1,1,1,1,3,1,3,1,1,1,,,3,5,3,4,3,4,4,4,3,3,4,3,3,,5,5,3,4,4,5,3,3,3,3,4,1,4,4,5,4,4,4,4,4,4,3,3,3,3,3,3,3,3,3,1,1,3,1,3,3,1,1,1,67,4,,2,4500
31-07-25 12:55,1,1,18,,,,,,,,1.5,3.5,5.5,,33,15,0,0,0,0,0,0,0,0,0,0,15,33,0,0,0,0,0,0,0,0,0,0,15,33,0,0,0,0,0,0,0,0,0,0,3.5,1,2,2,4,1,4,2,1,1,,2,4,5,4,3,3,2,3,4,5,1,2,4,4,,4,,,,,,,,,,,,,,,,,,5,5,4,5,4,4,4,3,3,5,4,3,4,5,5,5,5,4,2,5,4,3,1,1,3,3,1,2,4,4,4,2,1,3,3,0,30,4,5,1,1350
31-07-25 15:45,2,1,2,,,,,,,,1.5,5.5,5.5,,33,15,0,0,0,0,0,0,0,0,0,0,15,15,0,0,0,0,0,0,0,0,0,0,33,33,0,0,0,0,0,0,0,0,0,0,8.5,,,,,,,,,,,5,5,5,5,5,5,5,5,5,4,3,3,4,4,,,5,5,5,2,2,4,4,4,2,3,4,3,4,,4,3,5,5,5,5,5,5,2,5,4,3,5,4,5,4,4,4,4,4,4,4,4,3,3,3,3,2,2,4,3,3,5,3,5,3,5,5,0,60,2,,1,10000
31-07-25 16:39,2,1,19,,,,,,,,5.5,3.5,8.5,,33,33,5,0,0,0,0,5,5,0,0,0,15,15,5,0,0,0,0,5,5,0,0,0,33,33,15,0,0,0,0,33,15,0,0,0,8.5,,,,,,,,,,,5,5,5,5,4,5,4,3,4,4,2,2,2,3,,,5,5,3,4,4,3,5,5,4,3,5,3,5,,3,4,5,5,5,5,5,5,4,5,5,5,5,4,5,4,4,4,5,5,5,3,5,5,4,4,3,3,2,5,3,4,5,4,5,4,4,5,0,40,4,,2,3500
31-07-25 16:59,2,1,10,,,,,,,,0,5.5,3.5,,0,0,0,0,0,0,0,0,0,0,0,0,15,5,0,0,0,0,0,0,0,0,0,0,33,15,0,0,5,0,0,0,0,0,0,0,5.5,,,,,,,,,,,3,2,1,5,5,1,1,4,3,1,1,1,4,2,,,2,2,3,4,4,5,5,5,2,3,4,3,2,,2,2,5,5,5,5,5,4,2,5,5,5,5,3,5,4,3,4,5,5,5,4,5,4,3,2,1,2,1,1,1,5,5,1,4,2,2,2,0,67,5,,5,2400
31-07-25 23:03,2,1,9,,,,,,,,1.5,1.5,3.5,,15,33,0,0,0,0,0,33,0,0,0,0,5,33,0,0,0,0,0,33,0,0,0,0,33,52,0,0,0,0,0,52,0,0,0,0,3.5,3,3,3,2,3,1,1,2,2,,4,4,4,4,4,3,5,3,4,4,3,1,3,3,,5,,,,,,,,,,,,,,,,,,5,5,5,4,4,4,5,4,4,5,4,3,4,3,4,5,4,4,4,4,4,3,4,3,3,1,4,4,3,4,3,4,1,4,4,0,75,5,,5,2400
01-08-25 10:19,2,1,23,,,,,,,,0,1.5,1.5,,0,0,0,0,0,0,0,0,0,0,0,0,5,33,0,0,0,0,0,0,0,0,0,0,5,33,52,0,0,0,0,70,0,0,0,0,3.5,5,1,1,1,1,1,1,1,1,,1,1,5,1,1,1,1,1,1,1,1,1,5,1,,1,,,,,,,,,,,,,,,,,,5,4,4,4,3,2,4,3,3,4,3,3,3,3,3,4,4,4,2,4,2,2,1,1,1,1,1,1,1,4,1,2,3,2,2,1,67,2,,5,5500
01-08-25 12:48,2,1,2,,,,,,,,3.5,5.5,0,,5,0,0,0,0,0,0,0,0,0,0,0,15,15,0,0,0,0,0,15,0,0,0,0,70,15,0,0,0,0,0,52,0,0,0,0,8.5,,,,,,,,,,,5,4,5,4,4,4,5,3,5,5,3,3,5,4,,,5,4,4,3,3,2,5,5,2,4,4,3,2,,4,3,5,5,5,4,5,5,4,5,4,3,5,5,4,5,5,5,5,5,5,4,5,3,3,3,3,2,2,5,4,4,4,4,5,3,5,5,0,60,4,,1,3500
01-08-25 14:37,2,3,,,,,,,,,0,3.5,5.5,,0,0,0,0,0,0,0,0,0,0,0,0,5,33,15,0,0,0,0,0,33,0,0,0,33,52,52,0,0,0,0,0,52,0,0,0,3.5,4,5,4,5,4,4,3,5,1,,5,5,5,5,5,3,3,4,5,5,3,3,3,4,,4,,,,,,,,,,,,,,,,,,5,5,5,5,3,4,5,4,4,4,4,4,4,3,4,5,5,4,3,5,3,3,3,3,3,3,3,3,4,5,2,3,3,3,2,0,60,2,,5,5500
01-08-25 21:57,2,1,7,,,,,,,,5.5,5.5,3.5,,15,5,0,0,0,0,0,0,0,15,0,0,15,0,0,0,0,0,0,0,0,0,0,0,15,5,0,0,0,0,0,0,0,15,0,0,8.5,,,,,,,,,,,3,3,4,4,4,3,4,4,4,3,3,3,4,3,,,4,5,4,3,3,3,5,3,2,3,5,4,3,,4,4,4,4,4,5,4,4,3,4,3,3,5,3,4,3,3,4,5,5,5,5,4,2,3,3,3,3,3,4,2,2,4,2,2,2,4,4,0,50,5,,1,7000
02-08-25 18:26,2,1,9,,,,,,,,3.5,3.5,5.5,,15,0,0,0,0,0,0,0,0,0,0,0,15,33,0,0,0,0,0,5,0,0,0,0,15,33,0,0,0,0,0,15,0,0,0,0,8.5,,,,,,,,,,,5,4,4,4,3,4,5,4,4,5,3,4,5,3,,,4,3,3,3,3,4,4,5,4,4,4,4,5,,4,4,5,5,5,5,5,4,4,5,5,5,5,5,5,5,5,5,5,5,5,4,5,3,3,3,3,2,3,5,2,3,4,4,4,2,4,4,1,40,3,,1,7000
03-08-25 16:40,1,3,,,,,,,,,5.5,5.5,1.5,,15,0,0,0,0,0,0,0,0,0,0,0,0,0,0,0,0,0,0,33,0,0,0,0,0,0,0,0,0,0,0,33,0,0,0,0,8.5,,,,,,,,,,,5,5,5,5,5,5,5,5,5,5,5,5,5,5,,,4,3,2,3,3,2,3,4,3,5,5,3,5,,2,2,,5,5,5,5,5,5,5,5,5,5,5,5,5,5,5,5,5,5,5,5,3,3,3,3,2,2,5,3,3,5,3,5,3,5,5,0,40,5,3,2,5500
04-08-25 0:52,2,1,7,,,,,,,,5.5,5.5,3.5,,52,15,0,0,15,0,0,33,0,0,0,0,15,15,0,0,0,0,0,5,0,0,0,0,33,33,0,0,0,0,0,0,0,0,0,0,3.5,4,5,3,4,3,3,1,5,1,,5,5,5,5,5,5,5,4,5,5,5,4,4,3,,5,,,,,,,,,,,,,,,,,,5,5,4,5,5,3,4,3,4,4,5,5,4,4,4,4,4,4,4,4,4,3,3,2,2,2,4,4,2,5,5,5,3,5,4,1,30,2,,6,
